Div,Date,HomeTeam,AwayTeam,FTHG,FTAG,FTR,HTHG,HTAG,HTR,Referee,HS,AS,HST,AST,HF,AF,HC,AC,HY,AY,HR,AR,B365H,B365D,B365A,BWH,BWD,BWA,IWH,IWD,IWA,LBH,LBD,LBA,PSH,PSD,PSA,WHH,WHD,WHA,SJH,SJD,SJA,VCH,VCD,VCA,Bb1X2,BbMxH,BbAvH,BbMxD,BbAvD,BbMxA,BbAvA,BbOU,BbMx>2.5,BbAv>2.5,BbMx<2.5,BbAv<2.5,BbAH,BbAHh,BbMxAHH,BbAvAHH,BbMxAHA,BbAvAHA
E1,08/08/14,Blackburn,Cardiff,1,1,D,1,1,D,A Madley,12,6,3,3,6,14,4,5,1,3,0,0,2.3,3.3,3.5,2.25,3.3,3,2.2,3.1,3,2.3,3.3,3.1,2.25,3.47,3.48,2.2,3.3,3.3,2.25,3.3,3.2,2.3,3.4,3.4,44,2.32,2.23,3.55,3.31,3.53,3.26,43,2.05,1.96,1.94,1.83,21,0,1.69,1.62,2.47,2.31
E1,09/08/14,Brentford,Charlton,1,1,D,0,0,D,J Adcock,14,13,4,4,3,13,11,5,1,1,0,0,2,3.5,4.2,2,3.2,3.75,2,3.2,3.3,2,3.3,3.75,1.93,3.58,4.41,1.95,3.4,4,1.95,3.4,4,1.95,3.5,4.33,42,2.02,1.95,3.59,3.37,4.39,3.96,40,2.17,2.09,1.8,1.71,18,-0.5,2.06,1.93,1.99,1.92
E1,09/08/14,Brighton,Sheffield Weds,0,1,A,0,1,A,J Linington,11,5,3,1,13,13,4,4,3,1,1,0,1.95,3.5,4.5,1.91,3.25,4,1.75,3.3,4.2,1.85,3.4,4.33,1.91,3.56,4.53,1.91,3.3,4.33,1.9,3.3,4.33,1.92,3.5,4.5,42,1.98,1.89,3.55,3.36,4.6,4.27,36,2.25,2.12,1.77,1.69,18,-0.5,1.93,1.88,2.02,1.97
E1,09/08/14,Derby,Rotherham,1,0,H,0,0,D,K Friend,10,16,3,6,8,11,8,3,0,1,0,0,1.57,4.33,6.5,1.55,4,5.5,1.6,3.6,4.8,1.57,4,5.5,1.58,4.31,6.24,1.57,4,5.5,1.57,4,5.8,1.6,4.3,6,42,1.61,1.56,4.33,4.01,6.5,5.88,38,1.8,1.74,2.2,2.06,20,-1,2.05,1.96,1.94,1.88
E1,09/08/14,Huddersfield,Bournemouth,0,4,A,0,2,A,S Duncan,16,12,5,7,15,8,7,4,2,1,0,0,2.7,3.4,2.8,2.6,3.2,2.6,2.5,3.1,2.6,2.5,3.3,2.75,2.75,3.38,2.74,2.7,3.1,2.7,2.63,3.25,2.63,2.7,3.4,2.75,41,2.78,2.63,3.4,3.24,2.8,2.66,41,2.08,1.97,1.89,1.81,20,0,1.96,1.9,1.99,1.93
E1,09/08/14,Ipswich,Fulham,2,1,H,1,0,H,S Martin,14,13,5,3,14,9,5,3,3,0,0,0,2.7,3.4,2.8,2.6,3.2,2.6,2.5,3.1,2.6,2.5,3.3,2.75,2.6,3.42,2.87,2.7,3.1,2.7,2.63,3.2,2.75,2.7,3.4,2.8,42,2.74,2.59,3.42,3.22,2.9,2.72,38,2.15,2.05,1.85,1.74,20,0,1.92,1.87,2.05,1.96
E1,09/08/14,Middlesbrough,Birmingham,2,0,H,1,0,H,G Salisbury,20,4,8,0,9,13,11,2,1,1,0,0,1.8,3.75,5,1.8,3.3,4.5,1.8,3.2,4,1.83,3.5,4.33,1.85,3.65,4.73,1.83,3.4,4.5,1.8,3.5,4.5,1.83,3.75,4.8,42,1.85,1.8,3.75,3.5,5.01,4.5,40,2.1,2.02,1.87,1.77,17,-0.75,2.11,2.04,1.87,1.82
E1,09/08/14,Millwall,Leeds,2,0,H,1,0,H,O Langford,14,9,6,3,8,11,4,5,0,0,0,0,2.38,3.4,3.25,2.2,3.2,3.2,2.3,3.1,2.8,2.3,3.3,3,2.24,3.44,3.4,2.38,3.1,3.1,2.25,3.3,3.25,2.3,3.4,3.3,42,2.38,2.26,3.44,3.28,3.45,3.18,40,2.13,2.03,1.85,1.76,18,0,1.73,1.62,2.47,2.31
E1,09/08/14,Nott'm Forest,Blackpool,2,0,H,2,0,H,T Harrington,15,7,4,1,14,10,7,2,1,2,0,0,1.33,5.5,11,1.28,5.25,9,1.3,4.4,8.5,1.33,5,8.5,1.35,5.58,9.36,1.33,5,9,1.3,5.25,9.5,1.3,5.5,11,39,1.36,1.31,5.7,5.18,11.02,9.42,33,1.79,1.69,2.3,2.12,20,-1.5,1.96,1.92,2,1.92
E1,09/08/14,Watford,Bolton,3,0,H,2,0,H,C Boyeson,18,16,5,4,9,18,4,7,0,0,0,0,2.1,3.6,3.75,2,3.3,3.6,2,3.2,3.3,2.1,3.4,3.4,2.04,3.69,3.78,2.1,3.3,3.5,2.05,3.4,3.6,2.1,3.6,3.6,42,2.15,2.06,3.68,3.4,3.85,3.53,38,2,1.86,2.03,1.91,19,-0.25,1.86,1.79,2.18,2.07
E1,09/08/14,Wigan,Reading,2,2,D,1,0,H,M Brown,8,11,3,4,17,16,2,5,1,1,0,0,1.83,3.75,4.6,1.83,3.3,4.33,1.9,3.2,3.6,1.83,3.4,4.5,1.83,3.69,4.78,1.83,3.4,4.33,1.83,3.5,4.5,1.83,3.75,4.75,42,1.91,1.82,3.77,3.52,4.87,4.36,40,2.17,2.06,1.84,1.74,16,-0.5,1.9,1.81,2.12,2.06
E1,10/08/14,Wolves,Norwich,1,0,H,0,0,D,S Hooper,14,12,3,1,8,10,3,5,0,3,0,1,2.3,3.4,3.4,2.2,3.25,3.1,2.2,3.1,3,2.25,3.2,3,2.32,3.46,3.28,2.3,3.2,3.2,2.25,3.3,3.2,2.38,3.4,3.25,44,2.4,2.28,3.46,3.27,3.41,3.12,40,2.16,2.04,1.85,1.75,17,-0.25,2.03,1.97,1.93,1.89
E1,16/08/14,Birmingham,Brighton,1,0,H,0,0,D,M Brown,18,13,5,3,15,15,2,6,0,0,0,0,3.3,3.3,2.4,3,3.1,2.35,2.7,3.1,2.4,2.87,3.3,2.37,3.31,3.22,2.42,2.8,3.2,2.5,3.13,3.13,2.38,3.25,3.12,2.5,48,3.31,3.08,3.4,3.16,2.5,2.37,38,2.62,2.4,1.61,1.54,23,0,2.31,2.2,1.75,1.68
E1,16/08/14,Blackpool,Blackburn,1,2,A,0,1,A,J Adcock,16,11,4,4,15,13,7,5,2,3,0,0,5.25,3.8,1.75,4.75,3.5,1.7,4,3.2,1.8,4.5,3.5,1.75,5.39,3.76,1.74,5,3.4,1.75,5,3.5,1.73,5,3.8,1.75,48,5.5,4.98,3.9,3.56,1.8,1.72,45,2.04,1.92,1.96,1.85,22,0.75,1.94,1.89,2.01,1.96
E1,16/08/14,Bolton,Nott'm Forest,2,2,D,2,2,D,E Ilderton,9,20,2,7,14,9,2,10,3,0,0,0,2.7,3.4,2.75,2.7,3.1,2.6,2.5,3.1,2.6,2.55,3.3,2.7,2.72,3.38,2.77,2.7,3.1,2.7,2.63,3.2,2.63,2.7,3.4,2.8,48,2.78,2.64,3.42,3.22,2.8,2.66,45,2.1,2.02,1.87,1.76,24,0,1.96,1.9,1.98,1.93
E1,16/08/14,Bournemouth,Brentford,1,0,H,0,0,D,G Ward,16,17,5,4,15,6,13,6,1,3,0,0,1.85,3.75,4.5,1.85,3.4,4,1.9,3.2,3.6,1.85,3.5,4.2,1.85,3.73,4.57,1.83,3.4,4.5,1.83,3.4,4.33,1.87,3.75,4.5,48,1.9,1.82,3.85,3.51,4.75,4.35,45,1.91,1.81,2.08,1.98,22,-0.75,2.1,2.05,1.89,1.8
E1,16/08/14,Cardiff,Huddersfield,3,1,H,2,1,H,K Hill,16,21,9,7,13,13,6,9,0,3,0,0,1.73,3.9,5.25,1.65,3.6,5,1.7,3.4,4.3,1.66,3.6,5.5,1.72,3.9,5.32,1.75,3.4,5,1.73,3.6,5,1.75,3.9,5,48,1.79,1.72,3.85,3.59,5.5,4.9,45,2.03,1.94,1.93,1.83,22,-0.75,2.04,1.97,1.94,1.88
E1,16/08/14,Charlton,Wigan,2,1,H,1,1,D,A D'Urso,12,4,5,1,12,11,3,6,0,1,0,0,3.4,3.4,2.3,3.1,3.2,2.25,3,3.1,2.2,3.1,3.3,2.3,3.47,3.35,2.28,3.2,3.2,2.3,3.25,3.2,2.25,3.4,3.4,2.3,48,3.41,3.19,3.41,3.21,2.4,2.28,38,2.38,2.27,1.71,1.6,22,0.25,1.94,1.89,2.03,1.97
E1,16/08/14,Fulham,Millwall,0,1,A,0,1,A,L Mason,24,11,7,6,16,15,11,2,3,0,0,0,2.05,3.6,3.8,2,3.25,3.7,1.9,3.2,3.6,2,3.4,3.75,2.04,3.55,3.95,2.05,3.25,3.75,2,3.4,3.75,2.05,3.6,3.9,48,2.06,1.99,3.65,3.39,4.3,3.77,46,2.05,1.96,1.91,1.81,22,-0.5,2.04,1.99,1.91,1.86
E1,16/08/14,Leeds,Middlesbrough,1,0,H,0,0,D,S Attwell,9,11,4,0,7,12,4,4,1,3,0,0,3.3,3.5,2.3,2.95,3.25,2.3,2.8,3.1,2.3,3.1,3.3,2.3,3.44,3.38,2.28,3.2,3.2,2.3,3.25,3.25,2.25,3.4,3.4,2.3,48,3.46,3.23,3.51,3.28,2.34,2.24,44,2.23,2.1,1.8,1.7,22,0.25,2,1.93,2.01,1.92
E1,16/08/14,Norwich,Watford,3,0,H,1,0,H,P Tierney,30,10,8,3,12,5,11,1,1,1,0,1,2.3,3.5,3.3,2.2,3.25,3.1,2.3,3.1,2.8,2.3,3.3,3,2.23,3.56,3.39,2.2,3.4,3.25,2.2,3.4,3.13,2.25,3.5,3.4,46,2.31,2.21,3.58,3.4,3.55,3.15,44,1.89,1.8,2.05,1.97,20,-0.25,1.96,1.91,2.03,1.94
E1,16/08/14,Reading,Ipswich,1,0,H,1,0,H,S Hooper,6,15,1,3,15,14,4,6,2,3,0,0,2.3,3.4,3.4,2.15,3.2,3.3,2.2,3.1,3,2.25,3.25,3.2,2.27,3.38,3.46,2.3,3.2,3.2,2.25,3.3,3.25,2.3,3.4,3.4,48,2.3,2.22,3.45,3.29,3.55,3.24,44,2.15,2.07,1.83,1.72,22,-0.25,1.96,1.92,1.99,1.93
E1,16/08/14,Rotherham,Wolves,1,0,H,0,0,D,G Salisbury,9,12,3,3,15,6,4,9,3,2,0,0,2.88,3.4,2.6,2.75,3.2,2.45,2.7,3.1,2.4,2.62,3.25,2.62,2.9,3.35,2.58,2.8,3.1,2.62,2.88,3.2,2.5,2.88,3.4,2.62,48,2.95,2.81,3.51,3.23,2.63,2.51,44,2,1.93,1.96,1.84,23,0,2.07,2.02,1.89,1.82
E1,16/08/14,Sheffield Weds,Derby,0,0,D,0,0,D,S Duncan,21,11,7,3,13,10,9,4,3,2,0,0,3.25,3.4,2.38,3,3.2,2.3,2.8,3.1,2.3,3.1,3.3,2.3,3.16,3.4,2.41,3.1,3.1,2.4,3.13,3.3,2.3,3.12,3.4,2.4,48,3.26,3.08,3.45,3.26,2.42,2.31,45,2.07,1.96,1.92,1.81,22,0.25,1.87,1.84,2.07,2.01
E1,19/08/14,Birmingham,Ipswich,2,2,D,1,0,H,R East,14,20,3,5,10,9,3,5,1,0,0,0,2.75,3.4,2.75,2.8,3.25,2.4,2.7,3.1,2.4,2.5,3.4,2.7,2.77,3.34,2.74,2.7,3.1,2.7,2.63,3.25,2.63,2.7,3.4,2.75,50,2.85,2.67,3.4,3.24,2.75,2.64,46,2.12,2.02,1.87,1.77,26,0,1.98,1.92,1.97,1.9
E1,19/08/14,Blackpool,Brentford,1,2,A,1,1,D,M Haywood,16,8,5,3,17,9,4,5,2,1,0,0,3.5,3.4,2.25,3.2,3.2,2.2,3,3.1,2.2,3.3,3.3,2.25,3.51,3.39,2.24,3.5,3.25,2.15,3.4,3.25,2.2,3.5,3.4,2.25,50,3.6,3.34,3.45,3.27,2.3,2.2,47,2.28,2.15,1.77,1.68,24,0.25,1.98,1.94,1.96,1.91
E1,19/08/14,Bolton,Middlesbrough,1,2,A,1,1,D,S Martin,11,20,2,6,15,8,3,3,2,3,0,0,2.63,3.4,2.88,2.45,3.2,2.75,2.4,3.1,2.7,2.62,3.3,2.62,2.81,3.34,2.7,2.62,3.2,2.7,2.6,3.3,2.75,2.7,3.4,2.75,50,2.81,2.61,3.41,3.27,2.88,2.68,47,2.11,2.03,1.88,1.76,28,0,1.99,1.9,1.97,1.92
E1,19/08/14,Bournemouth,Nott'm Forest,1,2,A,0,0,D,K Friend,17,9,5,3,11,19,17,2,2,2,0,0,2.15,3.6,3.6,2.1,3.2,3.4,2.1,3.1,3.2,2.1,3.3,3.4,2.16,3.68,3.45,2.2,3.3,3.3,2.1,3.4,3.4,2.15,3.6,3.5,49,2.2,2.1,3.75,3.42,3.7,3.37,47,1.83,1.78,2.15,2.01,23,-0.25,1.88,1.83,2.09,2.04
E1,19/08/14,Cardiff,Wigan,1,0,H,0,0,D,R Madley,10,12,3,1,11,9,6,8,1,0,0,0,2.38,3.4,3.25,2.25,3.2,3.1,2.2,3.1,3,2.2,3.4,3.2,2.37,3.49,3.17,2.4,3.1,3.1,2.38,3.3,3,2.4,3.4,3.2,50,2.4,2.31,3.49,3.29,3.3,3.07,48,2.04,1.94,1.94,1.84,24,-0.25,2.05,2,1.92,1.85
E1,19/08/14,Charlton,Derby,3,2,H,2,1,H,M Bull,13,15,7,5,10,13,0,4,2,1,0,0,3.6,3.4,2.2,3.2,3.2,2.2,3.2,3.1,2.1,3.2,3.4,2.2,3.76,3.43,2.17,3.4,3.2,2.2,3.3,3.4,2.2,3.6,3.4,2.2,50,3.76,3.38,3.5,3.34,2.25,2.14,48,2.13,2.02,1.88,1.77,24,0.25,2.07,2,1.91,1.86
E1,19/08/14,Leeds,Brighton,0,2,A,0,1,A,J Adcock,5,13,1,3,16,14,2,2,5,1,0,0,2.7,3.3,2.88,2.65,3.1,2.65,2.55,3.1,2.55,2.5,3.2,2.87,2.76,3.24,2.81,2.7,3.1,2.7,2.75,3.13,2.75,2.75,3.12,2.9,50,2.8,2.66,3.3,3.14,2.9,2.73,44,2.55,2.37,1.66,1.56,27,0,1.98,1.9,2.01,1.92
E1,19/08/14,Norwich,Blackburn,3,1,H,1,1,D,G Scott,17,10,11,4,9,10,13,6,0,3,0,0,2.1,3.5,3.8,2,3.3,3.6,2,3.2,3.3,2.1,3.3,3.5,2.09,3.5,3.83,2.05,3.4,3.6,2.05,3.4,3.6,2.1,3.5,3.8,48,2.2,2.05,3.51,3.37,3.95,3.59,46,2.05,1.98,1.89,1.8,23,-0.5,2.09,2.04,1.86,1.82
E1,19/08/14,Reading,Huddersfield,1,2,A,0,2,A,S Attwell,16,10,2,4,9,8,5,2,2,2,0,0,1.91,3.6,4.5,1.85,3.4,4,1.75,3.3,4.2,1.83,3.6,4.2,1.93,3.73,4.22,1.85,3.75,4,1.9,3.5,4,1.92,3.75,4.2,50,1.95,1.88,3.75,3.53,4.51,4.09,48,1.95,1.85,2.05,1.92,24,-0.5,1.95,1.89,2.01,1.95
E1,19/08/14,Rotherham,Watford,0,2,A,0,0,D,D Webb,15,9,3,3,11,7,2,2,2,2,0,0,3,3.5,2.45,2.75,3.25,2.45,2.8,3.1,2.3,2.9,3.4,2.37,3.04,3.53,2.42,2.8,3.4,2.45,2.88,3.4,2.4,2.9,3.5,2.5,50,3.05,2.86,3.54,3.37,2.5,2.41,45,1.89,1.81,2.1,1.98,27,0,2.23,2.11,1.78,1.73
E1,19/08/14,Sheffield Weds,Millwall,1,1,D,0,0,D,N Miller,10,14,2,2,15,13,8,5,2,1,0,0,2.2,3.4,3.6,2.2,3.2,3.2,2.3,3.1,2.8,2.2,3.3,3.4,2.23,3.39,3.55,2.2,3.2,3.4,2.2,3.3,3.4,2.25,3.4,3.5,50,2.3,2.19,3.42,3.28,3.62,3.34,47,2.25,2.14,1.77,1.68,24,-0.25,1.92,1.87,2.04,1.98
E1,20/08/14,Fulham,Wolves,0,1,A,0,1,A,J Linington,13,13,1,2,11,13,7,6,4,0,0,0,2.5,3.4,3,2.4,3.25,2.8,2.3,3.1,2.8,2.4,3.3,2.9,2.55,3.46,2.91,2.5,3.2,2.8,2.4,3.3,2.88,2.55,3.4,2.9,48,2.55,2.42,3.46,3.29,3.1,2.86,46,2,1.94,1.96,1.84,23,0,1.84,1.78,2.14,2.06
E1,23/08/14,Blackburn,Bournemouth,3,2,H,3,0,H,G Eltringham,12,23,4,7,16,12,3,13,3,1,0,0,2.4,3.5,3.1,2.25,3.2,3.1,2.3,3.1,2.8,2.3,3.4,3,2.41,3.49,3.1,2.4,3.1,3.1,2.38,3.3,3,2.45,3.5,3,49,2.45,2.35,3.51,3.31,3.2,2.99,46,2,1.91,1.98,1.87,21,-0.25,2.1,2.05,1.85,1.81
E1,23/08/14,Brentford,Birmingham,1,1,D,0,1,A,R Madley,7,12,5,5,11,10,8,10,0,0,1,0,2,3.6,4,1.95,3.25,3.8,2,3.2,3.3,2.05,3.4,3.5,1.98,3.63,4.07,2.05,3.2,3.8,2,3.4,3.8,2,3.6,4,49,2.06,1.99,3.64,3.41,4.2,3.76,46,2.12,2.04,1.89,1.75,21,-0.5,2.12,1.97,1.92,1.87
E1,23/08/14,Brighton,Bolton,2,1,H,1,1,D,G Scott,26,9,11,1,11,7,3,4,2,1,0,0,2,3.6,4,1.95,3.2,3.9,1.9,3.2,3.6,2.05,3.3,3.6,1.98,3.46,4.31,2,3.3,3.8,1.95,3.4,3.8,2,3.5,4.1,49,2.08,1.97,3.62,3.39,4.6,3.86,44,2.28,2.16,1.74,1.66,21,-0.5,2.05,1.94,1.97,1.9
E1,23/08/14,Derby,Fulham,5,1,H,1,0,H,O Langford,18,9,9,4,12,6,4,5,0,0,0,0,1.75,3.8,5.25,1.7,3.4,5,1.8,3.2,4,1.8,3.7,4.5,1.75,3.85,5.17,1.75,3.4,5,1.73,3.6,5,1.75,3.8,5,49,1.8,1.73,3.88,3.63,5.5,4.8,46,1.91,1.85,2.05,1.93,21,-0.75,1.98,1.93,1.96,1.91
E1,23/08/14,Huddersfield,Charlton,1,1,D,0,0,D,T Robinson,13,12,7,3,10,6,9,9,3,1,1,0,2.2,3.4,3.6,2.1,3.3,3.3,2.1,3.1,3.2,2.25,3.3,3.2,2.17,3.54,3.55,2.2,3.3,3.3,2.1,3.4,3.4,2.25,3.4,3.5,49,2.3,2.15,3.53,3.35,3.62,3.33,46,2.05,1.93,1.94,1.85,21,-0.25,1.96,1.85,2.08,2
E1,23/08/14,Ipswich,Norwich,0,1,A,0,1,A,K Stroud,13,17,2,8,13,16,5,3,2,1,0,0,2.88,3.3,2.7,2.7,3.2,2.5,2.5,3.1,2.6,2.7,3.2,2.62,2.81,3.3,2.73,2.8,3.1,2.62,2.75,3.2,2.63,2.75,3.4,2.75,49,2.88,2.72,3.4,3.19,2.78,2.62,45,2.29,2.1,1.87,1.7,25,0,2.01,1.94,1.94,1.88
E1,23/08/14,Middlesbrough,Sheffield Weds,2,3,A,0,2,A,P Dowd,16,12,5,5,12,12,6,5,3,3,0,0,1.91,3.6,4.5,1.83,3.2,4.5,1.8,3.2,4,1.83,3.5,4.2,1.88,3.5,4.83,1.91,3.3,4.2,1.83,3.5,4.33,1.9,3.6,4.6,49,1.91,1.85,3.61,3.44,4.9,4.31,45,2.28,2.13,1.8,1.68,21,-0.5,1.91,1.87,2.03,1.98
E1,23/08/14,Millwall,Rotherham,0,1,A,0,0,D,P Tierney,11,12,1,3,11,16,10,6,1,2,0,0,2.05,3.5,4,2,3.2,3.7,1.9,3.2,3.6,1.95,3.4,3.75,2.08,3.5,3.86,2.05,3.3,3.6,2.05,3.4,3.6,2.05,3.5,4,49,2.1,2.02,3.51,3.37,4.1,3.7,45,2.16,2.05,1.81,1.74,21,-0.5,2.08,2.02,1.87,1.83
E1,23/08/14,Nott'm Forest,Reading,4,0,H,1,0,H,A Woolmer,16,10,7,2,6,10,6,9,1,1,0,0,2,3.7,4,1.95,3.3,3.75,1.9,3.2,3.6,2,3.3,3.8,1.98,3.58,4.14,1.95,3.5,3.8,1.95,3.5,3.8,2,3.7,4,47,2.02,1.94,3.7,3.48,4.5,3.83,43,1.91,1.79,2.1,1.98,19,-0.5,2.06,1.93,1.97,1.91
E1,23/08/14,Watford,Leeds,4,1,H,1,1,D,J Linington,21,4,6,0,13,15,5,1,2,2,0,2,1.75,4,5,1.7,3.5,4.75,1.7,3.4,4.3,1.75,3.4,5,1.71,3.95,5.31,1.75,3.4,5,1.73,3.75,4.8,1.75,4,5,49,1.77,1.72,4,3.69,5.31,4.8,45,1.91,1.81,2.09,1.97,21,-0.75,1.98,1.93,1.98,1.92
E1,23/08/14,Wigan,Blackpool,1,0,H,1,0,H,C Boyeson,12,7,2,1,10,17,6,3,2,3,0,0,1.44,4.75,8,1.4,4.4,7.25,1.35,4.2,7.5,1.44,4.33,7.5,1.44,4.47,9.18,1.44,4.33,7,1.44,4.33,8,1.44,4.75,8.5,49,1.45,1.41,4.8,4.29,9.48,8.22,45,2.06,1.9,1.96,1.87,21,-1.25,2.09,1.99,1.97,1.86
E1,23/08/14,Wolves,Cardiff,1,0,H,0,0,D,D Drysdale,12,8,2,4,8,8,7,3,2,2,0,0,2.25,3.4,3.5,2.2,3.2,3.2,2.3,3.1,2.8,2.3,3.3,3.1,2.21,3.42,3.58,2.25,3.1,3.3,2.2,3.3,3.3,2.2,3.4,3.5,49,2.3,2.2,3.45,3.29,3.59,3.28,46,2.13,1.97,1.92,1.8,21,-0.25,1.96,1.89,2.06,1.96
E1,30/08/14,Brighton,Charlton,2,2,D,0,1,A,K Hill,20,5,4,2,9,7,12,2,2,1,0,0,1.85,3.6,4.75,1.8,3.3,4.5,1.75,3.3,4.2,1.83,3.5,4.2,1.83,3.5,5.14,1.85,3.2,4.8,1.83,3.5,4.5,1.83,3.6,5,48,1.92,1.81,3.6,3.42,5.14,4.53,43,2.37,2.18,1.74,1.65,21,-0.5,1.85,1.81,2.09,2.04
E1,30/08/14,Derby,Ipswich,1,1,D,1,0,H,E Ilderton,12,10,5,5,15,8,7,11,1,3,0,0,1.75,3.75,5.25,1.65,3.6,5,1.65,3.5,4.5,1.7,3.5,4.6,1.79,3.73,5.05,1.8,3.5,4.5,1.73,3.6,5,1.8,3.75,5,48,1.8,1.73,3.75,3.55,5.5,4.87,44,1.96,1.89,1.97,1.89,21,-0.75,2.04,1.97,1.92,1.88
E1,30/08/14,Fulham,Cardiff,1,1,D,1,0,H,J Adcock,18,9,3,2,10,12,9,5,1,1,0,0,2.75,3.4,2.75,2.65,3.2,2.55,2.55,3.1,2.55,2.62,3.3,2.6,2.73,3.37,2.76,2.7,3.1,2.7,2.63,3.25,2.63,2.7,3.4,2.75,48,2.76,2.65,3.4,3.23,2.8,2.64,44,2.08,2.02,1.88,1.77,24,0,1.96,1.91,2,1.91
E1,30/08/14,Leeds,Bolton,1,0,H,1,0,H,S Hooper,8,22,2,8,12,11,5,8,2,0,0,0,2.6,3.4,2.9,2.45,3.25,2.75,2.3,3.1,2.8,2.37,3.4,2.9,2.6,3.38,2.91,2.7,3.1,2.7,2.5,3.3,2.75,2.6,3.4,2.88,48,2.7,2.52,3.4,3.25,2.94,2.77,43,2.13,2.04,1.88,1.75,24,0,1.9,1.83,2.08,2
E1,30/08/14,Middlesbrough,Reading,0,1,A,0,1,A,D Bond,24,5,6,2,17,14,14,4,2,1,0,0,1.8,3.8,4.75,1.78,3.2,4.75,1.8,3.2,4,1.83,3.5,4.2,1.77,3.82,5.04,1.83,3.4,4.5,1.8,3.5,4.8,1.8,3.8,4.8,48,1.83,1.76,3.81,3.52,5.12,4.69,44,2.01,1.86,2,1.91,21,-0.75,2.01,1.96,1.95,1.88
E1,30/08/14,Millwall,Blackpool,2,1,H,1,0,H,A Woolmer,17,12,4,4,19,21,5,2,3,3,0,0,1.8,3.75,5,1.7,3.5,4.75,1.7,3.4,4.3,1.72,3.5,4.5,1.82,3.54,5.18,1.83,3.4,4.5,1.8,3.6,4.5,1.8,3.7,5,48,1.83,1.77,3.75,3.49,5.5,4.72,44,2.35,2.17,1.75,1.66,21,-0.75,2.1,2.03,1.87,1.82
E1,30/08/14,Norwich,Bournemouth,1,1,D,1,1,D,S Martin,13,8,5,3,11,13,6,4,4,1,0,0,2.1,3.6,3.75,1.95,3.4,3.6,2,3.2,3.3,2.05,3.5,3.6,2.08,3.46,3.92,2.15,3.2,3.5,2.05,3.4,3.5,2.05,3.6,3.9,46,2.1,2.01,3.6,3.42,4.1,3.62,42,1.93,1.82,2.08,1.95,19,-0.5,2.06,2,1.9,1.84
E1,30/08/14,Rotherham,Brentford,0,2,A,0,1,A,S Attwell,14,13,5,4,13,7,7,4,0,1,0,0,2.2,3.4,3.6,2.3,3.25,2.95,2.3,3.1,2.8,2.3,3.4,3,2.28,3.37,3.4,2.3,3.3,3.1,2.25,3.3,3.25,2.38,3.4,3.25,48,2.38,2.26,3.4,3.28,3.6,3.14,45,2.06,1.97,1.89,1.8,21,-0.25,2,1.95,1.96,1.9
E1,30/08/14,Sheffield Weds,Nott'm Forest,0,1,A,0,1,A,G Salisbury,15,9,7,5,12,9,5,1,4,3,0,0,2.88,3.4,2.6,2.65,3.3,2.5,2.6,3.1,2.5,2.8,3.3,2.5,2.87,3.29,2.68,2.8,3.1,2.62,2.75,3.2,2.6,3,3.2,2.62,48,2.9,2.75,3.4,3.2,2.7,2.56,44,2.07,1.94,1.93,1.84,24,0,2.07,1.99,1.89,1.83
E1,30/08/14,Watford,Huddersfield,4,2,H,1,0,H,N Swarbrick,15,27,7,10,10,6,3,9,2,5,1,0,1.75,3.8,5.25,1.65,3.5,5.25,1.7,3.4,4.3,1.7,3.75,4.8,1.75,3.95,4.99,1.8,3.5,4.5,1.73,3.6,5,1.73,3.8,5.5,48,1.75,1.71,3.95,3.67,5.5,4.86,42,1.76,1.7,2.23,2.09,21,-0.75,1.99,1.92,1.98,1.93
E1,30/08/14,Wigan,Birmingham,4,0,H,3,0,H,D Webb,17,11,7,4,4,14,7,2,1,2,0,0,1.73,3.8,5.5,1.65,3.6,5,1.65,3.5,4.5,1.7,3.75,5,1.72,3.84,5.44,1.73,3.5,5,1.73,3.6,5,1.75,3.8,5.25,48,1.75,1.69,3.9,3.6,5.7,5.12,44,2.05,1.9,1.92,1.87,21,-0.75,1.98,1.92,1.98,1.93
E1,30/08/14,Wolves,Blackburn,3,1,H,2,0,H,K Stroud,15,18,7,6,16,9,2,6,2,5,0,0,2.05,3.5,4,2.1,3.2,3.4,2.1,3.1,3.2,2.1,3.4,3.4,2.15,3.38,3.79,2.15,3.2,3.5,2.05,3.3,3.6,2.1,3.5,3.8,48,2.2,2.07,3.5,3.3,4,3.58,44,2.09,1.99,1.85,1.78,21,-0.5,2.15,2.06,1.84,1.8
E1,13/09/14,Birmingham,Leeds,1,1,D,1,0,H,S Duncan,16,12,4,3,11,12,2,7,2,0,0,0,2.2,3.4,3.6,2.1,3.2,3.4,2.1,3.1,3.2,2.25,3.25,3.3,2.19,3.46,3.57,2.25,3.1,3.4,2.2,3.3,3.4,2.2,3.4,3.6,46,2.25,2.16,3.46,3.28,3.6,3.38,44,2.18,2.06,1.84,1.73,24,-0.25,1.93,1.85,2.08,2
E1,13/09/14,Blackburn,Wigan,3,1,H,0,0,D,R East,15,13,8,2,14,15,9,5,1,2,0,0,2.6,3.4,2.9,2.45,3.2,2.75,2.4,3.1,2.7,2.5,3.3,2.75,2.54,3.34,3.01,2.5,3.2,2.8,2.5,3.4,2.75,2.5,3.4,3,46,2.6,2.48,3.41,3.3,3.1,2.81,43,2.13,2.02,1.84,1.76,27,0,1.84,1.78,2.14,2.05
E1,13/09/14,Blackpool,Wolves,0,0,D,0,0,D,M Russell,12,15,1,2,13,8,3,11,0,0,0,0,4.75,3.5,1.91,4.6,3.4,1.75,4.2,3.3,1.75,4.33,3.6,1.8,4.48,3.56,1.92,4,3.3,1.95,4.33,3.4,1.9,4.3,3.6,1.95,46,4.75,4.31,3.6,3.39,1.95,1.86,44,2.3,2.14,1.78,1.67,24,0.5,2.04,1.98,1.92,1.86
E1,13/09/14,Bolton,Sheffield Weds,0,0,D,0,0,D,A Haines,6,24,1,4,16,12,5,6,2,0,0,0,2.5,3.6,2.9,2.35,3.2,2.9,2.1,3.1,3.2,2.5,3.3,2.8,2.46,3.6,2.94,2.5,3.2,2.8,2.4,3.4,2.88,2.4,3.6,3,46,2.5,2.38,3.6,3.37,3.2,2.89,45,2.05,1.92,1.96,1.85,24,-0.25,2.13,2.06,1.84,1.8
E1,13/09/14,Bournemouth,Rotherham,1,1,D,0,0,D,G Horwood,12,10,3,1,8,15,3,4,1,2,0,0,1.8,3.75,5,1.65,3.6,5,1.65,3.5,4.5,1.75,3.4,5,1.78,3.99,4.71,1.75,3.4,5,1.73,3.6,4.8,1.8,3.8,4.8,46,1.8,1.74,3.99,3.63,5.12,4.72,44,1.85,1.76,2.15,2.02,24,-0.75,2.01,1.96,1.94,1.89
E1,13/09/14,Brentford,Brighton,3,2,H,2,1,H,S Martin,13,10,5,3,4,13,5,4,1,2,0,0,2.7,3.4,2.8,2.5,3.2,2.7,2.4,3.1,2.7,2.7,3.2,2.7,2.78,3.27,2.78,2.7,3.1,2.7,2.63,3.25,2.75,2.75,3.3,2.8,46,2.75,2.63,3.4,3.19,2.86,2.7,35,2.34,2.21,1.71,1.62,27,0,1.95,1.89,2.02,1.93
E1,13/09/14,Cardiff,Norwich,2,4,A,2,0,H,M Haywood,11,25,5,6,4,11,2,6,1,2,0,0,2.7,3.4,2.8,2.5,3.2,2.7,2.55,3.1,2.55,2.7,3.2,2.7,2.72,3.33,2.81,2.7,3.1,2.7,2.6,3.3,2.63,2.7,3.4,2.75,46,2.74,2.6,3.4,3.26,2.84,2.68,43,2.2,2.08,1.8,1.72,27,0,1.94,1.88,2.02,1.94
E1,13/09/14,Charlton,Watford,1,0,H,1,0,H,A Madley,4,14,1,4,9,7,2,8,3,4,0,0,3,3.4,2.5,2.75,3.2,2.45,2.8,3.1,2.3,2.87,3.2,2.5,2.91,3.48,2.54,2.8,3.2,2.5,2.8,3.4,2.5,2.9,3.4,2.5,46,3,2.82,3.5,3.3,2.6,2.46,45,1.94,1.84,2.03,1.93,25,0,2.13,2.04,1.85,1.79
E1,13/09/14,Huddersfield,Middlesbrough,1,2,A,0,1,A,K Wright,12,17,4,4,10,15,3,11,2,2,0,0,3.2,3.4,2.4,3.2,3.2,2.2,3,3.1,2.2,3.1,3.2,2.37,3.25,3.44,2.34,3.1,3.1,2.4,3.13,3.4,2.25,3.25,3.4,2.38,46,3.35,3.1,3.46,3.28,2.42,2.3,45,2.05,1.96,1.9,1.81,24,0.25,1.9,1.86,2.07,1.99
E1,13/09/14,Ipswich,Millwall,2,0,H,1,0,H,C Berry,16,17,4,6,13,9,8,6,1,0,0,0,2.15,3.4,3.75,2.1,3.2,3.4,2,3.2,3.3,2.15,3.25,3.4,2.12,3.39,3.87,2.15,3.1,3.6,2.1,3.4,3.5,2.1,3.4,3.9,46,2.2,2.08,3.42,3.3,3.9,3.55,40,2.3,2.18,1.71,1.64,23,-0.25,1.84,1.8,2.12,2.05
E1,13/09/14,Reading,Fulham,3,0,H,1,0,H,M Jones,17,6,7,1,18,9,5,3,1,3,0,1,2.45,3.4,3.1,2.4,3.1,2.9,2.1,3.1,3.2,2.3,3.3,3.1,2.42,3.45,3.1,2.4,3.1,3.1,2.38,3.3,3,2.45,3.4,3,46,2.45,2.35,3.48,3.28,3.2,2.99,45,1.98,1.89,2,1.88,24,-0.25,2.1,2.04,1.85,1.81
E1,14/09/14,Nott'm Forest,Derby,1,1,D,0,0,D,P Tierney,16,13,3,5,11,17,5,6,3,1,0,1,2.45,3.4,3.1,2.4,3.2,2.85,2.3,3.1,2.8,2.4,3.4,2.8,2.42,3.46,3.1,2.5,3.2,2.8,2.38,3.4,3,2.45,3.5,3,44,2.5,2.37,3.46,3.3,3.2,2.93,43,1.93,1.86,2,1.91,22,-0.25,2.1,2.06,1.85,1.8
E1,16/09/14,Birmingham,Sheffield Weds,0,2,A,0,0,D,J Adcock,15,15,1,4,12,13,5,6,2,1,0,0,3,3.4,2.5,2.7,3.2,2.5,2.6,3.1,2.5,2.62,3.3,2.62,2.96,3.41,2.55,2.9,3.25,2.45,2.88,3.25,2.4,3,3.4,2.5,43,3,2.82,3.41,3.26,2.62,2.48,41,2.08,1.98,1.9,1.79,24,0,2.11,2.05,1.88,1.79
E1,16/09/14,Blackpool,Watford,0,1,A,0,0,D,S Duncan,15,14,4,7,9,13,5,10,2,1,0,0,4,3.6,2,4,3.4,1.87,4,3.2,1.8,4.33,3.5,1.83,4.18,3.52,1.99,4.2,3.3,1.91,3.8,3.4,1.9,4.2,3.6,1.95,44,4.5,4.02,3.6,3.43,2,1.91,43,2.06,1.99,1.88,1.79,22,0.5,1.96,1.91,1.99,1.93
E1,16/09/14,Bolton,Rotherham,3,2,H,0,1,A,N Swarbrick,20,14,9,6,9,7,7,4,1,1,0,0,2.38,3.5,3.1,2.4,3.1,2.9,2.2,3.1,3,2.2,3.25,3.25,2.45,3.45,3.06,2.3,3.3,3.1,2.3,3.3,3,2.38,3.5,3.13,44,2.45,2.33,3.5,3.32,3.25,3.01,43,2.06,1.95,1.93,1.82,22,-0.25,2.1,2.02,1.87,1.83
E1,16/09/14,Bournemouth,Leeds,1,3,A,1,0,H,B Malone,19,11,7,5,15,9,8,2,1,1,0,0,1.62,4.33,5.75,1.57,4,5.25,1.6,3.6,4.8,1.65,3.8,5,1.6,4.34,5.98,1.61,3.75,5.5,1.57,4,5.5,1.62,4.3,5.75,44,1.65,1.59,4.34,4.01,6,5.42,42,1.8,1.73,2.2,2.07,25,-1,2.12,2.02,1.89,1.82
E1,16/09/14,Brentford,Norwich,0,3,A,0,0,D,T Robinson,18,11,6,4,7,12,7,3,2,2,0,0,3.2,3.4,2.38,2.9,3.2,2.35,2.7,3.1,2.4,3.1,3.3,2.3,3.17,3.54,2.34,3.1,3.1,2.4,3,3.25,2.3,3.25,3.4,2.38,44,3.3,3.06,3.54,3.28,2.4,2.31,42,2.05,1.99,1.9,1.79,23,0,2.35,2.23,1.75,1.65
E1,16/09/14,Cardiff,Middlesbrough,0,1,A,0,1,A,G Scott,13,12,1,2,12,14,6,6,1,2,0,0,2.8,3.4,2.7,2.6,3.2,2.6,2.4,3.1,2.7,2.5,3.25,2.8,2.86,3.38,2.64,2.8,3.3,2.5,2.63,3.25,2.6,2.7,3.4,2.75,44,2.86,2.65,3.4,3.25,2.84,2.65,43,2.08,1.99,1.89,1.78,25,0,2.04,1.94,1.98,1.89
E1,16/09/14,Charlton,Wolves,1,1,D,1,0,H,P Miller,11,19,2,5,11,5,1,11,1,0,0,0,3.2,3.3,2.45,2.9,3.2,2.35,2.8,3.1,2.3,2.75,3.3,2.5,3.24,3.32,2.41,2.8,3.2,2.5,3,3.2,2.4,3.2,3.3,2.45,44,3.25,3,3.35,3.2,2.5,2.39,42,2.28,2.14,1.75,1.67,24,0,2.28,2.17,1.78,1.69
E1,16/09/14,Huddersfield,Wigan,0,0,D,0,0,D,S Stockbridge,9,15,3,4,11,11,4,4,1,2,0,0,2.88,3.4,2.6,2.8,3.2,2.45,2.7,3.1,2.4,2.88,3.3,2.4,2.91,3.45,2.55,2.8,3.2,2.5,2.75,3.25,2.5,2.88,3.4,2.6,44,2.96,2.81,3.46,3.26,2.68,2.49,42,2.08,1.99,1.86,1.78,26,0,2.09,2.02,1.87,1.8
E1,16/09/14,Ipswich,Brighton,2,0,H,0,0,D,C Sarginson,16,17,6,5,9,8,4,7,3,3,0,0,2.75,3.3,2.8,2.45,3.2,2.75,2.5,3.1,2.6,2.45,3.3,2.8,2.61,3.27,2.98,2.62,3.1,2.8,2.6,3.2,2.8,2.7,3.25,2.88,44,2.75,2.55,3.3,3.17,2.98,2.79,40,2.43,2.29,1.7,1.6,24,0,1.87,1.82,2.11,2.01
E1,16/09/14,Reading,Millwall,3,2,H,2,1,H,K Hill,9,18,3,9,8,14,3,7,0,2,0,0,2.2,3.4,3.6,2.1,3.2,3.4,2,3.2,3.3,2,3.4,3.75,2.16,3.31,3.81,2.2,3.3,3.3,2.1,3.4,3.4,2.2,3.4,3.6,43,2.22,2.11,3.45,3.31,3.81,3.47,42,2.07,2,1.87,1.78,20,-0.5,2.17,2.1,1.8,1.76
E1,17/09/14,Blackburn,Derby,2,3,A,1,2,A,D Webb,20,15,9,7,14,7,11,3,0,2,0,0,2.8,3.3,2.75,2.7,3.2,2.5,2.6,3.1,2.5,2.62,3.3,2.62,2.75,3.4,2.72,2.7,3.1,2.7,2.63,3.3,2.6,2.75,3.3,2.7,42,2.8,2.66,3.4,3.25,2.8,2.62,41,1.93,1.85,2.05,1.92,23,0,1.97,1.91,1.99,1.91
E1,17/09/14,Nott'm Forest,Fulham,5,3,H,2,1,H,D Deadman,14,14,5,8,12,11,1,7,2,6,0,0,1.73,3.9,5.25,1.72,3.5,4.75,1.65,3.5,4.5,1.67,3.6,5.25,1.7,4.08,5.2,1.75,3.4,5,1.67,3.6,4.8,1.73,3.9,5.25,42,1.75,1.7,4.08,3.7,5.5,4.87,40,1.83,1.74,2.17,2.04,20,-0.75,1.97,1.89,2.01,1.95
E1,20/09/14,Brighton,Blackpool,0,0,D,0,0,D,K Stroud,25,7,6,2,14,20,15,2,3,5,0,0,1.53,4.2,7.5,1.55,3.7,6.25,1.6,3.6,4.8,1.53,4,6,1.53,4.17,7.55,1.57,3.6,6.5,,,,1.57,3.8,8,48,1.6,1.52,4.45,3.91,8,6.76,37,2.32,2.22,1.7,1.62,27,-1,2.04,1.93,1.96,1.91
E1,20/09/14,Derby,Cardiff,2,2,D,0,0,D,A Marriner,18,10,5,3,5,10,7,3,0,2,0,0,1.8,3.75,5,1.8,3.3,4.5,1.85,3.2,3.8,1.8,3.5,4.5,1.79,3.88,4.78,1.8,3.5,4.5,,,,1.8,3.8,4.8,48,1.85,1.77,3.95,3.6,5,4.57,46,1.91,1.78,2.16,2,23,-0.75,2.04,1.98,1.93,1.87
E1,20/09/14,Fulham,Blackburn,0,1,A,0,0,D,A D'Urso,7,12,2,5,16,14,2,7,3,2,1,0,2.63,3.5,2.8,2.45,3.2,2.75,2.4,3.1,2.7,2.5,3.3,2.75,2.67,3.38,2.82,2.62,3.2,2.7,,,,2.62,3.5,2.8,48,2.67,2.53,3.55,3.33,2.88,2.73,45,1.8,1.71,2.22,2.1,27,0,1.91,1.85,2.06,1.98
E1,20/09/14,Leeds,Huddersfield,3,0,H,2,0,H,C Foy,8,14,5,0,12,8,4,3,2,1,1,0,2.63,3.5,2.8,2.4,3.3,2.75,2.3,3.1,2.8,2.5,3.4,2.75,2.65,3.48,2.77,2.62,3.2,2.7,,,,2.62,3.5,2.8,48,2.74,2.53,3.5,3.3,2.9,2.74,47,1.96,1.89,2,1.89,27,0,1.91,1.85,2.03,1.98
E1,20/09/14,Middlesbrough,Brentford,4,0,H,1,0,H,J Simpson,22,6,9,2,11,12,5,2,2,1,1,0,1.8,3.7,5,1.72,3.4,5,1.8,3.2,4,1.8,3.6,4.5,1.74,3.72,5.48,1.8,3.5,4.5,,,,1.8,3.7,5,48,1.8,1.75,3.8,3.52,5.5,4.84,46,2.1,1.97,1.88,1.8,24,-0.75,2.01,1.96,1.95,1.88
E1,20/09/14,Millwall,Nott'm Forest,0,0,D,0,0,D,G Scott,15,7,4,2,15,16,6,3,2,3,0,0,3,3.4,2.5,2.8,3.25,2.4,2.8,3.1,2.3,3,3.25,2.37,3.03,3.38,2.5,2.8,3.2,2.5,,,,3,3.4,2.5,48,3.2,2.94,3.45,3.29,2.52,2.39,47,2.06,1.98,1.89,1.79,24,0,2.21,2.12,1.78,1.72
E1,20/09/14,Norwich,Birmingham,2,2,D,0,2,A,D Sheldrake,28,15,4,4,7,5,10,1,3,1,0,0,1.5,4.5,7.5,1.45,3.9,7.25,1.5,3.8,5.5,1.5,4.2,6.5,1.45,4.84,7.88,1.5,4,7,,,,1.5,4.5,7.5,48,1.5,1.46,4.84,4.31,7.88,7,44,1.75,1.68,2.28,2.14,21,-1,1.81,1.72,2.23,2.14
E1,20/09/14,Rotherham,Charlton,1,1,D,0,1,A,D Deadman,23,13,6,4,11,4,7,5,2,2,0,0,2.15,3.5,3.6,2.1,3.2,3.4,2.1,3.1,3.2,2.2,3.3,3.3,2.1,3.52,3.78,2.15,3.2,3.5,,,,2.15,3.5,3.7,48,2.2,2.1,3.55,3.32,3.8,3.5,39,2.32,2.13,1.75,1.68,24,-0.25,1.85,1.81,2.13,2.05
E1,20/09/14,Sheffield Weds,Reading,1,0,H,0,0,D,M Heywood,16,11,2,3,16,10,6,12,3,3,0,0,2.1,3.5,3.75,2,3.3,3.6,2,3.2,3.3,2.15,3.4,3.3,2.04,3.53,3.97,2.1,3.2,3.6,,,,2.1,3.5,3.8,48,2.15,2.05,3.6,3.38,4.05,3.59,47,2,1.91,1.96,1.86,23,-0.5,2.08,2.03,1.87,1.83
E1,20/09/14,Watford,Bournemouth,1,1,D,0,0,D,O Langford,12,12,3,5,5,15,6,2,2,5,0,0,2.3,3.5,3.3,2.3,3.2,3,2,3.2,3.3,2.1,3.4,3.4,2.28,3.5,3.32,2.3,3.2,3.2,,,,2.4,3.5,3,48,2.4,2.26,3.6,3.34,3.4,3.13,45,1.79,1.72,2.19,2.08,24,-0.25,2.04,1.98,1.98,1.87
E1,20/09/14,Wolves,Bolton,1,0,H,1,0,H,A Madley,15,11,6,5,5,11,9,7,1,1,0,0,1.7,4,5.5,1.7,3.4,5,1.75,3.3,4.2,1.72,3.5,5,1.68,3.98,5.48,1.7,3.6,5,,,,1.73,3.9,5.25,48,1.75,1.67,4.1,3.7,5.6,5.16,47,2.02,1.91,1.97,1.86,24,-0.75,1.91,1.85,2.06,2
E1,22/09/14,Wigan,Ipswich,1,2,A,0,1,A,A Woolmer,20,8,3,5,14,9,13,3,0,2,0,0,2.05,3.5,4,1.85,3.4,4,1.9,3.2,3.6,2,3.4,3.75,2.08,3.52,3.84,2.1,3.25,3.6,,,,2.05,3.5,4,45,2.15,2.01,3.52,3.34,4.1,3.76,43,2.22,2.06,1.83,1.73,22,-0.5,2.09,2.01,1.89,1.84
E1,27/09/14,Birmingham,Fulham,1,2,A,1,0,H,S Hooper,9,13,3,8,14,9,7,6,1,1,0,0,2.8,3.4,2.7,2.7,3.2,2.5,2.6,3.1,2.5,2.55,3.4,2.62,2.84,3.38,2.65,2.7,3.1,2.7,,,,2.8,3.4,2.62,45,2.92,2.68,3.5,3.27,2.75,2.59,44,1.97,1.85,2.04,1.92,26,0,2.03,1.95,1.92,1.87
E1,27/09/14,Blackburn,Watford,2,2,D,0,2,A,D Drysdale,30,13,9,5,10,10,6,7,1,3,0,0,2.2,3.6,3.4,2.25,3.2,3.1,2.2,3.1,3,2.3,3.4,3,2.16,3.69,3.45,2.15,3.4,3.3,,,,2.3,3.6,3.2,45,2.32,2.19,3.69,3.39,3.45,3.18,42,1.81,1.73,2.21,2.06,23,-0.25,1.99,1.88,2.04,1.96
E1,27/09/14,Blackpool,Norwich,1,3,A,0,0,D,A Marriner,10,15,6,6,9,9,4,7,2,2,0,0,5.5,4,1.7,5,3.6,1.65,4.3,3.4,1.7,5.2,3.5,1.7,5.56,3.91,1.69,5,3.5,1.73,,,,5.4,4,1.7,45,5.8,5.11,4,3.66,1.73,1.67,44,2.05,1.94,1.96,1.83,23,0.75,2,1.96,1.93,1.88
E1,27/09/14,Bolton,Derby,0,2,A,0,1,A,M Brown,9,16,2,7,15,13,7,7,2,1,0,0,3.75,3.75,2.05,3.6,3.3,2,3.3,3.2,2,3.6,3.4,2.05,3.74,3.71,2.05,3.75,3.25,2.05,,,,3.7,3.75,2.05,45,3.9,3.66,3.75,3.44,2.05,1.99,41,1.8,1.72,2.22,2.08,22,0.5,1.93,1.86,2.04,1.99
E1,27/09/14,Bournemouth,Wigan,2,0,H,1,0,H,G Sutton,17,11,6,2,11,12,8,2,2,1,0,0,2.15,3.5,3.6,2.1,3.2,3.4,2,3.2,3.3,2.1,3.4,3.4,2.08,3.52,3.83,2.15,3.3,3.4,,,,2.15,3.5,3.6,45,2.15,2.06,3.55,3.35,3.9,3.55,43,2.08,1.92,1.93,1.86,22,-0.5,2.09,2.06,1.84,1.8
E1,27/09/14,Brentford,Leeds,2,0,H,1,0,H,D Whitestone,24,13,10,3,10,9,8,3,0,1,0,0,2.05,3.6,3.9,2.05,3.4,3.3,2,3.2,3.3,2.05,3.4,3.6,2.03,3.59,4.01,2.05,3.25,3.75,,,,2.05,3.6,3.75,45,2.1,2.01,3.6,3.38,4.01,3.67,43,2,1.9,1.96,1.87,22,-0.5,2.05,2,1.9,1.85
E1,27/09/14,Cardiff,Sheffield Weds,2,1,H,1,0,H,M Bull,14,10,4,1,0,2,0,0,0,2,0,0,2.5,3.4,3,2.3,3.2,3,2.2,3.1,3,2.3,3.4,3,2.57,3.37,2.94,2.5,3.2,2.8,,,,2.5,3.4,3,45,2.58,2.42,3.5,3.28,3,2.86,44,2.18,2.03,1.87,1.76,22,0,1.83,1.76,2.15,2.09
E1,27/09/14,Charlton,Middlesbrough,0,0,D,0,0,D,G Ward,5,9,1,1,11,9,5,6,2,0,0,1,3.6,3.4,2.2,3.3,3.3,2.1,3,3.1,2.2,3.25,3.2,2.25,3.87,3.41,2.11,3.3,3.3,2.2,,,,3.75,3.4,2.15,45,3.87,3.45,3.45,3.27,2.25,2.13,43,2.27,2.12,1.8,1.69,22,0.25,2.12,2.03,1.9,1.82
E1,27/09/14,Huddersfield,Millwall,2,1,H,1,1,D,C Boyeson,11,8,3,2,13,18,5,3,2,5,0,0,2.45,3.4,3.1,2.25,3.3,3,2.2,3.1,3,2.4,3.3,2.87,2.42,3.52,3.05,2.4,3.1,3.1,,,,2.4,3.4,3.12,45,2.45,2.32,3.52,3.3,3.2,2.99,44,2.05,1.93,1.97,1.84,22,-0.25,2.1,2.02,1.88,1.83
E1,27/09/14,Ipswich,Rotherham,2,0,H,2,0,H,L Collins,15,24,6,5,18,6,7,5,0,2,0,0,2,3.6,4,1.85,3.4,4,1.9,3.2,3.6,1.95,3.4,3.8,2.01,3.5,4.16,2.05,3.25,3.75,,,,2,3.6,4,45,2.06,1.96,3.6,3.39,4.16,3.82,44,2.14,2.02,1.86,1.76,23,-0.5,2.02,1.96,1.92,1.88
E1,27/09/14,Nott'm Forest,Brighton,0,0,D,0,0,D,R Madley,14,12,1,2,14,12,6,6,2,3,0,0,2.25,3.4,3.5,2.1,3.4,3.25,2,3.2,3.3,2.1,3.3,3.5,2.25,3.47,3.43,2.2,3.3,3.3,,,,2.25,3.4,3.4,45,2.38,2.16,3.5,3.31,3.6,3.31,44,2.06,1.97,1.9,1.8,23,-0.25,1.94,1.88,2.02,1.96
E1,28/09/14,Reading,Wolves,3,3,D,1,0,H,J Adcock,13,10,5,3,14,14,2,5,2,2,0,0,3,3.4,2.5,2.75,3.2,2.45,2.7,3.1,2.4,2.62,3.3,2.62,3.1,3.38,2.46,2.8,3.1,2.6,,,,3,3.4,2.55,45,3.1,2.88,3.4,3.23,2.63,2.44,44,2.08,1.97,1.9,1.8,23,0,2.19,2.08,1.87,1.76
E1,30/09/14,Brighton,Cardiff,1,1,D,1,1,D,N Swarbrick,26,9,8,3,7,9,12,3,3,3,0,0,2.05,3.5,4,2,3.3,3.6,2,3.2,3.3,2.05,3.4,3.75,1.99,3.55,4.16,2,3.4,3.8,,,,2,3.5,4.2,47,2.05,1.97,3.6,3.4,4.2,3.85,41,2.28,2.17,1.75,1.66,26,-0.5,2,1.95,1.96,1.88
E1,30/09/14,Derby,Bournemouth,2,0,H,0,0,D,S Mathieson,19,5,5,2,9,10,7,3,0,1,0,1,2.05,3.6,3.8,1.9,3.5,3.8,2,3.2,3.3,1.95,3.5,3.8,2.08,3.7,3.66,2,3.6,3.5,,,,2.05,3.6,3.8,47,2.08,2,3.75,3.49,3.85,3.61,42,1.75,1.68,2.3,2.14,26,-0.5,2.08,2,1.89,1.84
E1,30/09/14,Middlesbrough,Blackpool,1,1,D,1,1,D,P Tierney,19,10,5,4,13,11,6,3,2,2,0,0,1.44,4.5,9,1.4,4,8.75,1.4,4,6.5,1.4,4.5,8,1.43,4.59,9.41,1.44,4,8.5,,,,1.4,4.75,9.5,47,1.44,1.4,4.75,4.33,10,8.51,45,2.09,1.96,1.91,1.82,25,-1.5,2.31,2.24,1.72,1.66
E1,30/09/14,Millwall,Birmingham,1,3,A,0,2,A,R East,22,16,7,6,20,10,5,2,1,3,0,0,1.95,3.5,4.33,1.91,3.25,4,1.9,3.2,3.6,1.95,3.4,3.75,1.97,3.57,4.22,1.95,3.25,4.2,,,,2,3.5,4.1,47,2,1.93,3.65,3.4,4.4,3.98,44,2.15,2.05,1.84,1.75,26,-0.5,2.01,1.94,1.95,1.9
E1,30/09/14,Norwich,Charlton,0,1,A,0,0,D,M Russell,15,4,4,2,8,7,9,1,0,3,0,0,1.53,4.33,7,1.5,3.9,6.5,1.55,3.7,5,1.53,4.2,6.5,1.54,4.4,6.78,1.53,4,6.5,,,,1.53,4.3,7,47,1.55,1.51,4.4,4.07,7.2,6.5,45,1.88,1.8,2.1,1.98,29,-1,1.94,1.85,2.04,1.98
E1,30/09/14,Rotherham,Blackburn,2,0,H,2,0,H,S Hooper,17,17,4,4,9,10,8,8,1,3,0,0,2.55,3.5,2.88,2.6,3.3,2.55,2.55,3.1,2.55,2.62,3.4,2.6,2.52,3.49,2.93,2.6,3.1,2.8,,,,2.5,3.5,2.9,45,2.63,2.48,3.5,3.33,2.98,2.77,45,1.91,1.78,2.12,2,29,0,1.9,1.79,2.13,2.04
E1,30/09/14,Sheffield Weds,Ipswich,1,1,D,1,0,H,D Bond,9,13,3,4,12,11,5,3,2,0,0,0,2.25,3.4,3.5,2.2,3.2,3.2,2,3.2,3.3,2.2,3.4,3.2,2.22,3.48,3.45,2.2,3.1,3.6,,,,2.25,3.4,3.5,47,2.26,2.17,3.5,3.32,3.6,3.32,45,2.22,2.13,1.8,1.69,25,-0.25,1.93,1.89,2.01,1.95
E1,30/09/14,Watford,Brentford,2,1,H,1,0,H,G Salisbury,18,9,6,5,14,8,8,3,3,2,1,0,2.1,3.6,3.75,1.9,3.6,3.6,2,3.2,3.3,1.95,3.4,3.8,2.09,3.68,3.64,2,3.4,3.8,,,,2.1,3.7,3.5,47,2.1,2.01,3.75,3.49,3.8,3.57,44,1.77,1.69,2.23,2.13,25,-0.5,2.09,2.03,1.86,1.83
E1,30/09/14,Wigan,Nott'm Forest,0,0,D,0,0,D,K Wright,13,9,2,2,19,19,6,5,1,3,0,0,2.4,3.4,3.2,2.4,3.2,2.85,2.4,3.1,2.7,2.38,3.3,2.9,2.33,3.37,3.32,2.4,3.1,3.1,,,,2.38,3.4,3.3,46,2.45,2.32,3.5,3.29,3.33,3.05,43,2.12,2.05,1.87,1.75,25,-0.25,2.08,1.98,1.94,1.87
E1,01/10/14,Fulham,Bolton,4,0,H,2,0,H,S Attwell,16,8,7,0,8,8,6,8,0,2,0,0,1.95,3.6,4.2,1.91,3.4,3.8,2,3.2,3.3,1.95,3.4,3.75,1.92,3.69,4.32,2,3.25,4,,,,1.95,3.6,4.2,45,2,1.92,3.69,3.43,4.4,3.94,43,1.91,1.83,2.06,1.94,23,-0.5,1.95,1.91,2.01,1.93
E1,01/10/14,Leeds,Reading,0,0,D,0,0,D,T Harrington,16,13,1,4,12,14,3,7,3,4,0,0,2.7,3.4,2.8,2.55,3.2,2.65,2.5,3.1,2.6,2.5,3.3,2.75,2.73,3.41,2.73,2.7,3.1,2.7,,,,2.7,3.4,2.75,45,2.8,2.59,3.41,3.29,2.8,2.66,43,1.98,1.9,1.96,1.87,26,0,1.97,1.89,2,1.93
E1,01/10/14,Wolves,Huddersfield,1,3,A,0,2,A,P Gibbs,23,14,5,8,8,7,7,2,1,0,0,0,1.75,3.8,5.25,1.67,3.6,5,1.7,3.4,4.3,1.62,3.75,5.5,1.78,3.76,5.06,1.75,3.5,5,,,,1.75,3.8,5,44,1.78,1.71,3.8,3.59,5.5,4.9,43,2,1.89,1.96,1.88,23,-0.75,2.02,1.94,1.96,1.9
E1,03/10/14,Blackpool,Cardiff,1,0,H,0,0,D,D Whitestone,12,19,2,2,21,10,1,8,2,2,0,0,3.5,3.4,2.25,3.3,3.3,2.1,3.3,3.2,2,3.5,3.2,2.2,3.41,3.38,2.32,3.4,3.2,2.2,,,,3.5,3.4,2.25,45,3.53,3.34,3.43,3.27,2.3,2.19,41,2.29,2.16,1.74,1.67,23,0.25,1.99,1.94,1.97,1.91
E1,04/10/14,Blackburn,Huddersfield,0,0,D,0,0,D,N Miller,20,13,5,1,11,11,5,9,2,1,0,0,1.91,3.75,4.33,1.85,3.4,4,1.75,3.3,4.2,1.85,3.6,4,1.91,3.85,4.16,1.95,3.3,4,,,,1.92,3.75,4.1,42,1.95,1.86,3.85,3.56,4.33,3.95,37,1.73,1.65,2.38,2.18,20,-0.5,1.91,1.87,2.05,1.98
E1,04/10/14,Bolton,Bournemouth,1,2,A,0,0,D,A Marriner,14,13,7,6,16,7,6,7,3,1,0,1,3.6,3.6,2.15,3.4,3.2,2.1,3.2,3.1,2.1,3.25,3.4,2.2,3.58,3.56,2.15,3.3,3.3,2.2,,,,3.4,3.6,2.2,43,3.65,3.34,3.6,3.4,2.2,2.1,41,1.9,1.8,2.05,1.97,21,0.25,2.07,2.03,1.86,1.82
E1,04/10/14,Brentford,Reading,3,1,H,2,0,H,R East,12,18,6,5,14,11,5,15,2,3,0,0,2.3,3.4,3.4,2.25,3.2,3.1,2.2,3.1,3,2.3,3.4,2.9,2.3,3.42,3.36,2.3,3.2,3.2,,,,2.3,3.4,3.3,43,2.3,2.24,3.5,3.3,3.45,3.13,41,2.05,1.94,1.91,1.84,21,-0.25,2.02,1.96,1.94,1.88
E1,04/10/14,Charlton,Birmingham,1,1,D,1,0,H,P Tierney,8,15,3,3,11,5,1,4,0,1,0,0,2.2,3.4,3.6,2.05,3.25,3.5,2.1,3.1,3.2,2,3.4,3.6,2.26,3.37,3.5,2.25,3.1,3.4,,,,2.25,3.4,3.4,43,2.28,2.15,3.45,3.28,3.6,3.33,40,2.2,2.08,1.8,1.71,21,-0.25,1.96,1.89,2.03,1.96
E1,04/10/14,Derby,Millwall,0,0,D,0,0,D,M Haywood,10,11,1,2,15,12,12,7,4,4,0,0,1.55,4.33,6.5,1.55,3.75,6,1.55,3.7,5,1.57,3.75,6,1.56,4.33,6.57,1.57,3.6,6.5,,,,1.57,4.3,6.5,43,1.57,1.53,4.35,3.94,7,6.14,40,1.83,1.74,2.18,2.04,25,-1,1.98,1.91,1.97,1.92
E1,04/10/14,Leeds,Sheffield Weds,1,1,D,0,0,D,J Adcock,10,11,4,3,17,18,7,1,3,4,0,0,3.2,3.25,2.45,2.7,3.2,2.5,2.7,3.1,2.4,2.75,3.3,2.5,3.22,3.32,2.42,2.88,3.3,2.4,,,,3.1,3.3,2.5,42,3.22,2.96,3.35,3.22,2.5,2.38,39,2.22,2.08,1.77,1.71,23,0,2.27,2.14,1.78,1.71
E1,04/10/14,Middlesbrough,Fulham,2,0,H,0,0,D,D Drysdale,14,9,5,2,8,5,8,4,1,1,0,0,1.85,3.8,4.5,1.75,3.5,4.4,1.8,3.2,4,1.83,3.6,4,1.84,3.74,4.64,1.83,3.5,4.33,,,,1.85,3.8,4.5,43,1.88,1.8,3.8,3.52,4.64,4.3,41,2.01,1.89,1.98,1.87,21,-0.75,2.12,2.07,1.84,1.79
E1,04/10/14,Norwich,Rotherham,1,1,D,0,1,A,P Gibbs,27,6,6,3,9,12,12,3,1,1,0,0,1.53,4.33,7,1.45,4,7,1.45,3.9,6,1.5,4,6.5,1.53,4.44,6.93,1.53,3.75,7,,,,1.55,4.3,6.5,43,1.55,1.5,4.45,4.02,7,6.43,39,1.8,1.72,2.18,2.07,25,-1,1.93,1.87,2.02,1.96
E1,04/10/14,Watford,Brighton,1,1,D,0,0,D,S Hooper,12,15,3,2,18,14,6,7,4,2,0,0,2.63,3.4,2.88,2.4,3.2,2.85,2.2,3.1,3,2.5,3.3,2.9,2.64,3.39,2.85,2.62,3.1,2.8,,,,2.62,3.4,2.8,43,2.68,2.48,3.4,3.24,3,2.8,41,1.96,1.87,1.99,1.89,24,0,1.89,1.82,2.06,2.02
E1,04/10/14,Wolves,Wigan,2,2,D,1,2,A,A Davies,18,10,7,3,17,11,10,2,2,4,0,0,2.1,3.5,3.8,1.95,3.3,3.75,1.9,3.2,3.6,2,3.4,3.6,2.09,3.34,3.97,2.1,3.2,3.6,,,,2.05,3.5,3.9,43,2.12,2.02,3.5,3.3,4,3.68,41,2.29,2.15,1.76,1.67,21,-0.5,2.09,2.05,1.86,1.81
E1,05/10/14,Nott'm Forest,Ipswich,2,2,D,0,1,A,J Linington,19,10,5,5,8,15,8,4,1,0,0,0,2.05,3.5,4,1.9,3.3,3.75,1.9,3.2,3.6,1.95,3.5,3.6,2.06,3.47,4,2.05,3.25,3.75,,,,2.05,3.5,3.9,43,2.06,2,3.5,3.33,4,3.7,38,2.11,2.01,1.85,1.77,21,-0.5,2.07,2.01,1.88,1.83
E1,17/10/14,Rotherham,Leeds,2,1,H,0,1,A,K Stroud,17,15,11,4,12,16,7,4,3,4,0,0,2.2,3.5,3.5,2.15,3.2,3.3,2,3.2,3.3,2.2,3.3,3.5,2.18,3.53,3.6,2.1,3.3,3.6,,,,2.2,3.5,3.5,46,2.25,2.13,3.55,3.35,3.65,3.42,44,2.15,2.06,1.83,1.74,25,-0.25,1.92,1.85,2.04,1.99
E1,18/10/14,Birmingham,Bolton,0,1,A,0,1,A,M Haywood,15,11,5,3,12,16,7,5,1,1,1,0,2.25,3.5,3.4,2.15,3.2,3.3,2.1,3.1,3.2,2.25,3.25,3.2,2.3,3.55,3.25,2.3,3.1,3.3,,,,2.25,3.5,3.3,46,2.32,2.2,3.6,3.35,3.45,3.22,45,1.98,1.86,2.01,1.92,24,-0.25,1.99,1.91,1.98,1.93
E1,18/10/14,Bournemouth,Charlton,1,0,H,1,0,H,J Linington,20,7,5,3,9,18,16,4,1,3,0,0,1.73,3.8,5.5,1.62,3.5,5.5,1.6,3.6,4.8,1.75,3.75,4.5,1.68,3.89,5.64,1.73,3.5,5,,,,1.73,3.8,5.5,46,1.75,1.66,3.9,3.69,5.64,5.23,45,2.08,1.96,1.91,1.82,24,-1,2.3,2.16,1.76,1.71
E1,18/10/14,Brighton,Middlesbrough,1,2,A,0,1,A,A D'Urso,15,11,3,3,10,14,4,2,2,4,0,0,2.45,3.25,3.25,2.4,3.2,2.85,2.3,3.1,2.8,2.4,3.2,3,2.38,3.3,3.31,2.5,3,3,,,,2.5,3.2,3.2,46,2.5,2.38,3.3,3.17,3.31,3.05,37,2.54,2.34,1.62,1.56,25,-0.25,2.14,2.05,1.88,1.81
E1,18/10/14,Cardiff,Nott'm Forest,2,1,H,2,0,H,M Jones,12,10,5,5,8,14,4,7,1,3,0,0,2.6,3.4,2.88,2.45,3.2,2.75,2.4,3.1,2.7,2.5,3.3,2.8,2.53,3.41,2.97,2.62,3.1,2.8,,,,2.62,3.4,2.88,46,2.63,2.49,3.41,3.26,3.05,2.82,44,2.11,2.02,1.87,1.76,24,0,1.84,1.79,2.12,2.04
E1,18/10/14,Fulham,Norwich,1,0,H,1,0,H,G Salisbury,9,10,3,1,15,7,6,10,2,0,0,0,3,3.4,2.5,2.75,3.2,2.45,2.7,3.1,2.4,2.75,3.3,2.5,3,3.45,2.46,3,3,2.5,,,,3,3.4,2.5,46,3.05,2.88,3.45,3.28,2.55,2.43,45,1.98,1.87,1.99,1.9,24,0.25,1.83,1.77,2.18,2.1
E1,18/10/14,Huddersfield,Blackpool,4,2,H,3,2,H,D Bond,17,9,11,4,10,13,5,0,2,3,0,0,1.8,3.75,5,1.75,3.5,4.5,1.75,3.3,4.2,1.85,3.5,4.2,1.76,3.75,5.25,1.83,3.25,4.8,,,,1.85,3.7,4.75,46,1.85,1.77,3.75,3.51,5.25,4.72,44,2.2,2.06,1.84,1.73,24,-0.75,2.08,2.01,1.91,1.84
E1,18/10/14,Ipswich,Blackburn,1,1,D,0,0,D,J Adcock,15,9,6,3,12,16,8,3,1,1,0,1,2.2,3.5,3.5,2.05,3.25,3.5,2,3.2,3.3,2.2,3.4,3.3,2.21,3.54,3.44,2.25,3.3,3.1,,,,2.25,3.5,3.4,46,2.25,2.14,3.6,3.38,3.6,3.33,45,2,1.89,2.01,1.88,24,-0.25,1.93,1.86,2.04,1.98
E1,18/10/14,Millwall,Wolves,3,3,D,0,1,A,D Drysdale,16,9,5,6,13,17,6,4,1,6,1,0,3.1,3.3,2.5,2.9,3.2,2.35,2.8,3.1,2.3,2.75,3.3,2.5,3.07,3.32,2.51,2.9,3.1,2.5,,,,3.1,3.3,2.5,46,3.2,2.92,3.4,3.23,2.55,2.43,41,2.28,2.18,1.74,1.65,26,0,2.2,2.09,1.81,1.74
E1,18/10/14,Reading,Derby,0,3,A,0,2,A,D Deadman,16,11,6,5,17,12,9,9,2,4,0,0,3.1,3.5,2.4,2.9,3.2,2.35,2.8,3.1,2.3,2.87,3.3,2.5,3.04,3.47,2.45,2.9,3.1,2.5,,,,3.1,3.5,2.4,46,3.2,2.95,3.5,3.29,2.5,2.37,45,1.93,1.84,2.02,1.93,24,0,2.25,2.14,1.77,1.71
E1,18/10/14,Sheffield Weds,Watford,0,3,A,0,2,A,J Simpson,16,9,4,6,13,7,8,1,1,2,0,0,2.25,3.5,3.4,2.15,3.3,3.2,2.2,3.1,3,2.3,3.4,3,2.24,3.51,3.4,2.3,3.2,3.2,,,,2.25,3.5,3.4,46,2.38,2.23,3.55,3.32,3.4,3.18,45,2.01,1.93,1.94,1.84,24,-0.25,2.02,1.93,1.96,1.91
E1,18/10/14,Wigan,Brentford,0,0,D,0,0,D,T Harrington,8,12,3,4,8,15,9,7,2,5,0,0,2,3.6,4,2,3.4,3.5,2,3.2,3.3,2.05,3.4,3.75,1.96,3.62,4.18,2.05,3.2,3.8,,,,2,3.6,4,46,2.05,1.97,3.62,3.38,4.23,3.83,44,2.09,2.02,1.88,1.77,24,-0.5,2.01,1.97,1.96,1.87
E1,21/10/14,Blackburn,Birmingham,1,0,H,0,0,D,R Madley,27,18,9,5,12,10,2,2,2,0,0,1,1.8,3.9,4.75,1.75,3.6,4.25,1.75,3.3,4.2,1.75,3.5,4.5,1.78,4.08,4.63,1.8,3.5,4.5,,,,1.8,3.8,4.5,46,1.8,1.76,4.07,3.69,5,4.51,43,1.73,1.66,2.35,2.18,25,-0.75,2.03,1.98,1.92,1.87
E1,21/10/14,Blackpool,Derby,0,1,A,0,0,D,K Wright,13,13,4,6,19,12,9,10,3,1,0,0,5,4,1.73,5,3.4,1.7,4.3,3.4,1.7,5,3.5,1.73,5.09,4.02,1.73,5.5,3.4,1.7,,,,5.2,3.9,1.73,46,5.5,4.98,4.01,3.7,1.74,1.69,44,1.98,1.91,1.98,1.87,25,0.75,1.99,1.94,1.94,1.9
E1,21/10/14,Bournemouth,Reading,3,0,H,0,0,D,M Haywood,14,15,6,3,10,11,6,6,0,0,0,0,1.8,3.8,4.75,1.7,3.5,4.75,1.7,3.4,4.3,1.8,3.5,4.5,1.8,3.85,4.79,1.75,3.6,4.8,,,,1.8,3.8,4.8,46,1.83,1.76,3.86,3.61,5,4.63,43,1.88,1.8,2.06,1.98,25,-0.75,2.06,1.99,1.91,1.86
E1,21/10/14,Brentford,Sheffield Weds,0,0,D,0,0,D,O Langford,11,13,1,3,7,13,10,8,1,2,0,0,2.15,3.5,3.6,2.15,3.2,3.3,2.2,3.1,3,2.2,3.2,3.3,2.12,3.54,3.71,2.2,3.3,3.3,,,,2.3,3.4,3.4,45,2.3,2.16,3.55,3.33,3.71,3.36,44,2.1,2.02,1.87,1.77,25,-0.25,1.9,1.84,2.09,2.01
E1,21/10/14,Cardiff,Ipswich,3,1,H,1,1,D,D Coote,13,13,6,1,14,17,3,0,2,1,0,0,2.5,3.3,3.1,2.35,3.2,2.9,2.3,3.1,2.8,2.3,3.2,3.1,2.46,3.4,3.08,2.4,3.1,3.1,,,,2.55,3.4,3,46,2.55,2.39,3.45,3.25,3.2,2.98,44,2.22,2.09,1.79,1.72,25,-0.25,2.14,2.08,1.83,1.78
E1,21/10/14,Charlton,Bolton,2,1,H,1,0,H,S Hooper,5,19,2,6,14,12,1,14,2,1,0,0,2.4,3.4,3.2,2.3,3.2,3,2.2,3.1,3,2.25,3.3,3.25,2.44,3.39,3.12,2.3,3.2,3.2,,,,2.55,3.3,3,46,2.55,2.35,3.45,3.26,3.25,3.04,43,2.22,2.1,1.77,1.71,26,-0.25,2.13,2.05,1.83,1.8
E1,21/10/14,Huddersfield,Brighton,1,1,D,1,1,D,G Sutton,10,11,5,3,9,10,8,5,0,3,0,1,2.8,3.4,2.7,2.7,3.2,2.5,2.55,3.1,2.55,2.7,3.3,2.7,2.9,3.38,2.6,2.8,3.3,2.5,,,,2.75,3.4,2.7,45,2.92,2.75,3.4,3.26,2.7,2.56,44,2.1,2,1.87,1.79,29,0,2.08,1.99,1.88,1.84
E1,21/10/14,Norwich,Leeds,1,1,D,0,0,D,M Clattenburg,20,4,6,1,9,13,9,3,2,2,0,0,1.5,4.5,7.5,1.5,4,6,1.5,3.8,5.5,1.53,4,6.5,1.51,4.62,6.93,1.5,4,7,,,,1.53,4.5,6.5,46,1.53,1.49,4.7,4.24,7.5,6.52,42,1.75,1.67,2.31,2.17,26,-1,1.9,1.81,2.11,2.03
E1,21/10/14,Rotherham,Fulham,3,3,D,1,1,D,M Brown,17,15,4,9,10,15,4,5,0,1,0,0,2.7,3.5,2.7,2.5,3.2,2.7,2.4,3.1,2.7,2.62,3.2,2.75,2.74,3.48,2.69,2.62,3.1,2.8,,,,2.75,3.5,2.7,46,2.78,2.61,3.5,3.3,2.8,2.66,41,1.95,1.88,2,1.91,28,0,1.98,1.9,1.98,1.92
E1,21/10/14,Watford,Nott'm Forest,2,2,D,1,1,D,D Whitestone,21,11,8,2,9,12,14,6,0,1,0,0,2.25,3.5,3.4,2.2,3.2,3.2,2.3,3.1,2.8,2.25,3.2,3.2,2.3,3.58,3.21,2.3,3.2,3.2,,,,2.3,3.5,3.25,45,2.3,2.24,3.58,3.37,3.4,3.15,43,1.9,1.8,2.06,1.98,26,-0.25,1.99,1.94,1.96,1.9
E1,21/10/14,Wigan,Millwall,0,0,D,0,0,D,E Ilderton,11,5,4,1,12,20,8,2,0,3,0,0,1.95,3.6,4.33,1.8,3.5,4.2,1.8,3.2,4,1.91,3.3,4.33,1.94,3.64,4.25,1.91,3.3,4.2,,,,2,3.5,4.2,46,2,1.9,3.64,3.42,4.5,4.12,43,2.17,2.08,1.84,1.73,26,-0.5,1.97,1.91,1.98,1.93
E1,21/10/14,Wolves,Middlesbrough,2,0,H,1,0,H,C Berry,17,15,5,6,13,15,4,4,2,1,0,0,2.38,3.4,3.2,2.4,3.2,2.85,2.3,3.1,2.8,2.4,3.2,3,2.41,3.46,3.11,2.4,3.1,3.1,,,,2.5,3.3,3.1,46,2.55,2.37,3.47,3.25,3.2,3.01,43,2.23,2.13,1.78,1.68,26,-0.25,2.18,2.05,1.86,1.81
E1,24/10/14,Fulham,Charlton,3,0,H,2,0,H,K Stroud,15,23,6,3,3,9,2,13,0,0,0,0,1.75,3.7,5.5,1.75,3.4,4.75,1.75,3.3,4.2,1.8,3.5,4.5,1.76,3.79,5.19,1.73,3.5,5,,,,1.75,3.8,5.25,45,1.8,1.73,3.85,3.58,5.53,4.9,43,2.13,2.05,1.83,1.75,25,-0.75,2.02,1.95,1.96,1.89
E1,25/10/14,Birmingham,Bournemouth,0,8,A,0,3,A,K Hill,9,28,3,15,8,12,7,5,1,4,1,0,4,3.6,2,3.6,3.3,2,3.3,3.2,2,3.75,3.4,2,3.92,3.62,2.05,3.5,3.6,2,,,,3.9,3.6,2,43,4.08,3.8,3.7,3.41,2.06,1.96,42,1.91,1.81,2.05,1.96,23,0.5,1.96,1.88,2,1.96
E1,25/10/14,Bolton,Brentford,3,1,H,0,0,D,M Heywood,21,15,8,6,18,8,6,11,6,0,0,0,2.5,3.4,3,2.4,3.2,2.85,2.4,3.1,2.7,2.3,3.3,3,2.51,3.45,2.98,2.38,3.25,3,,,,2.5,3.4,2.9,43,2.54,2.42,3.45,3.27,3.1,2.87,42,2.05,1.94,1.95,1.84,23,0,1.82,1.76,2.15,2.08
E1,25/10/14,Brighton,Rotherham,1,1,D,1,0,H,M Bull,19,16,3,7,12,9,12,5,1,2,0,0,1.91,3.6,4.5,1.9,3.3,4,1.85,3.2,3.8,1.83,3.4,4.33,1.85,3.65,4.73,1.83,3.5,4.2,,,,1.87,3.6,4.75,43,1.93,1.85,3.66,3.42,4.75,4.29,41,2.2,2.07,1.82,1.72,23,-0.5,1.89,1.85,2.08,2
E1,25/10/14,Derby,Wigan,1,2,A,1,0,H,R Madley,12,18,2,8,13,16,5,8,1,5,0,0,1.75,4,5,1.65,3.6,5,1.75,3.3,4.2,1.75,3.4,5,1.75,3.83,5.1,1.73,3.6,4.8,,,,1.75,3.9,5,43,1.8,1.73,4,3.58,5.2,4.83,42,2.05,1.94,1.96,1.83,23,-0.75,2.04,1.98,1.91,1.87
E1,25/10/14,Ipswich,Huddersfield,2,2,D,1,0,H,R Clark,11,15,4,5,16,10,7,3,3,0,0,0,2.1,3.6,3.75,1.95,3.3,3.75,2,3.2,3.3,1.95,3.5,3.75,2.1,3.61,3.69,2,3.4,3.8,,,,2.1,3.6,3.7,43,2.12,2.02,3.62,3.39,3.85,3.61,42,1.98,1.91,1.96,1.87,23,-0.5,2.09,2.03,1.87,1.82
E1,25/10/14,Leeds,Wolves,1,2,A,1,0,H,D Webb,13,18,3,9,10,11,4,5,0,1,0,0,3.4,3.4,2.3,3.2,3.2,2.2,2.8,3.1,2.3,3.1,3.3,2.3,3.6,3.44,2.17,3.3,3.2,2.25,,,,3.4,3.4,2.3,43,3.57,3.27,3.45,3.28,2.38,2.2,41,2.19,2.08,1.8,1.72,23,0.25,2.03,1.95,1.97,1.89
E1,25/10/14,Middlesbrough,Watford,1,1,D,0,0,D,J Adcock,16,17,3,3,17,7,4,9,4,1,0,0,2,3.6,4,1.95,3.25,3.8,2,3.2,3.3,2,3.4,3.75,2.03,3.59,3.96,1.95,3.5,3.75,,,,2,3.6,4,43,2.05,1.97,3.65,3.42,4.1,3.78,42,2.03,1.96,1.9,1.81,24,-0.5,2.04,1.96,1.94,1.88
E1,25/10/14,Millwall,Cardiff,1,0,H,0,0,D,S Duncan,17,11,4,3,19,15,3,2,2,0,0,0,2.5,3.4,3,2.5,3.2,2.7,2.5,3.1,2.6,2.5,3.3,2.8,2.42,3.43,3.12,2.5,3.2,2.88,,,,2.55,3.4,3,43,2.6,2.47,3.42,3.23,3.05,2.85,40,2.23,2.12,1.75,1.7,24,0,1.83,1.78,2.14,2.05
E1,25/10/14,Nott'm Forest,Blackburn,1,3,A,1,0,H,O Langford,15,15,3,5,7,9,3,10,0,2,0,0,2.2,3.6,3.4,2.15,3.2,3.3,2.1,3.1,3.2,2.05,3.4,3.5,2.19,3.66,3.4,2.1,3.4,3.4,,,,2.2,3.6,3.4,43,2.24,2.14,3.67,3.4,3.5,3.28,41,1.84,1.76,2.15,2.02,23,-0.25,1.9,1.87,2.03,1.98
E1,25/10/14,Reading,Blackpool,3,0,H,1,0,H,G Ward,16,9,5,3,18,12,7,4,2,2,0,0,1.73,4,5,1.65,3.5,5.25,1.7,3.4,4.3,1.72,3.6,4.5,1.7,3.89,5.7,1.7,3.6,5,,,,1.7,4,5.4,43,1.73,1.67,4,3.68,5.76,5.08,42,2.06,1.98,1.9,1.8,23,-0.75,1.91,1.86,2.04,1.98
E1,25/10/14,Sheffield Weds,Norwich,0,0,D,0,0,D,S Attwell,7,9,1,5,17,16,3,10,4,3,0,0,3.25,3.4,2.38,2.8,3.25,2.4,2.7,3.1,2.4,3,3.3,2.37,3.27,3.37,2.4,2.88,3.4,2.38,,,,3.25,3.4,2.38,43,3.3,3.07,3.4,3.22,2.5,2.33,41,2.25,2.14,1.77,1.68,23,0,2.33,2.19,1.75,1.67
E1,31/10/14,Norwich,Bolton,2,1,H,1,0,H,G Scott,19,8,6,2,12,10,11,4,1,2,0,0,1.53,4.33,7,1.5,4,6.25,1.55,3.7,5,1.57,4,6,1.52,4.5,7.19,1.55,4,6,,,,1.55,4.3,6.5,46,1.57,1.52,4.52,4.12,7.18,6.48,45,1.88,1.81,2.07,1.98,29,-1,1.92,1.82,2.11,2.02
E1,01/11/14,Blackburn,Reading,3,1,H,1,1,D,C Boyeson,17,12,5,3,10,16,1,5,2,3,0,0,2,3.6,4,1.95,3.3,3.75,1.9,3.2,3.6,2,3.4,3.75,1.96,3.74,4.05,2,3.2,4,,,,2,3.6,3.9,46,2.05,1.95,3.74,3.48,4.2,3.8,43,1.8,1.7,2.21,2.11,25,-0.5,1.98,1.93,1.96,1.91
E1,01/11/14,Blackpool,Ipswich,0,2,A,0,1,A,A Haines,13,13,3,2,9,10,2,3,0,1,0,0,4,3.5,2.05,3.4,3.2,2.1,3.6,3.2,1.9,3.5,3.3,2.05,4.05,3.42,2.06,4,3.2,2,,,,3.8,3.5,2.1,46,4.05,3.73,3.5,3.32,2.12,2.02,43,2.15,2.04,1.84,1.75,25,0.5,1.87,1.81,2.08,2.04
E1,01/11/14,Bournemouth,Brighton,3,2,H,2,1,H,K Stroud,13,10,3,3,14,15,9,4,3,5,0,0,1.95,3.5,4.5,1.83,3.5,4,1.8,3.2,4,1.83,3.4,4.33,1.98,3.45,4.32,1.95,3.3,4,,,,1.95,3.5,4.4,46,1.99,1.9,3.55,3.37,4.6,4.09,42,2.04,1.91,1.96,1.86,23,-0.5,1.99,1.92,1.98,1.92
E1,01/11/14,Brentford,Derby,2,1,H,0,1,A,C Berry,10,15,3,3,11,15,5,5,3,4,0,0,3.3,3.5,2.3,3,3.2,2.3,3,3.1,2.2,2.87,3.4,2.3,3.26,3.5,2.3,3.2,3.2,2.3,,,,3.25,3.5,2.3,46,3.35,3.11,3.55,3.34,2.34,2.26,45,1.91,1.81,2.05,1.96,25,0.25,1.94,1.88,2.01,1.96
E1,01/11/14,Cardiff,Leeds,3,1,H,0,0,D,A Woolmer,12,10,4,4,8,11,6,1,2,3,0,0,1.83,3.7,4.75,1.75,3.4,4.6,1.75,3.3,4.2,1.8,3.5,4.33,1.83,3.7,4.7,1.83,3.2,5,,,,1.83,3.7,4.8,46,1.85,1.8,3.7,3.49,5,4.52,44,2.06,1.97,1.92,1.82,25,-0.5,1.84,1.81,2.11,2.05
E1,01/11/14,Charlton,Sheffield Weds,1,1,D,0,1,A,A D'Urso,19,12,4,4,9,8,11,7,0,0,0,0,3,3.3,2.55,2.65,3.2,2.55,2.6,3.1,2.5,2.6,3.3,2.62,3.09,3.22,2.55,2.8,3.1,2.62,,,,3,3.25,2.55,46,3.09,2.89,3.3,3.12,2.66,2.51,35,2.54,2.37,1.62,1.55,28,0,2.13,2.05,1.88,1.79
E1,01/11/14,Huddersfield,Nott'm Forest,3,0,H,2,0,H,A Davies,10,24,5,8,13,11,4,5,1,2,0,0,2.5,3.4,3,2.5,3.2,2.7,2.5,3.1,2.6,2.5,3.4,2.7,2.54,3.58,2.85,2.5,3.2,2.8,,,,2.55,3.4,2.9,46,2.6,2.46,3.58,3.33,3,2.8,45,1.84,1.76,2.14,2.02,28,0,1.85,1.8,2.12,2.03
E1,01/11/14,Rotherham,Middlesbrough,0,3,A,0,2,A,M Russell,5,12,1,5,6,11,2,2,2,0,1,0,3.2,3.4,2.4,2.75,3.2,2.45,2.8,3.1,2.3,2.8,3.3,2.45,3.05,3.4,2.48,3.1,3.1,2.4,,,,3,3.4,2.5,46,3.2,2.96,3.43,3.28,2.5,2.38,44,2.1,2.01,1.85,1.78,25,0.25,1.84,1.78,2.14,2.08
E1,01/11/14,Watford,Millwall,3,1,H,2,1,H,R Madley,10,11,7,4,12,18,7,6,1,5,0,0,1.95,3.7,4.2,1.75,3.6,4.33,1.8,3.2,4,1.8,3.5,4.33,1.94,3.65,4.24,2,3.2,4,,,,1.92,3.7,4.2,46,2,1.89,3.7,3.5,4.4,4.01,45,1.93,1.87,2.03,1.91,25,-0.5,1.94,1.9,2,1.94
E1,01/11/14,Wigan,Fulham,3,3,D,1,2,A,J Adcock,17,13,8,4,15,11,10,5,2,1,1,1,2.2,3.5,3.5,2.2,3.2,3.2,2.1,3.1,3.2,2.2,3.3,3.25,2.23,3.46,3.49,2.25,3.1,3.3,,,,2.25,3.5,3.4,46,2.28,2.17,3.5,3.32,3.55,3.27,43,2.02,1.91,1.96,1.86,23,-0.25,1.94,1.9,2.01,1.94
E1,01/11/14,Wolves,Birmingham,0,0,D,0,0,D,A Taylor,22,13,6,3,13,10,5,4,1,3,0,0,1.53,4.33,7,1.5,4,6.25,1.45,3.9,6,1.53,3.8,6.5,1.55,4.51,6.28,1.53,4,6,,,,1.57,4.3,6.25,46,1.57,1.52,4.49,4.12,7,6.16,43,1.75,1.67,2.31,2.17,29,-1,2,1.9,1.99,1.93
E1,04/11/14,Birmingham,Watford,2,1,H,1,1,D,M Heywood,19,12,6,5,7,12,1,5,1,2,0,0,3.25,3.5,2.3,3.25,3.4,2.1,3.3,3.2,2,3.2,3.4,2.2,3.34,3.6,2.25,2.87,3.6,2.3,,,,3.1,3.5,2.4,46,3.4,3.11,3.6,3.43,2.45,2.25,43,1.82,1.72,2.21,2.08,23,0.25,1.97,1.9,2.05,1.95
E1,04/11/14,Bolton,Cardiff,3,0,H,2,0,H,G Eltringham,15,14,6,4,20,5,6,7,1,1,0,0,2.63,3.4,2.88,2.5,3.2,2.7,2.55,3.1,2.55,2.62,3.3,2.62,2.65,3.41,2.83,2.62,3.1,2.8,,,,2.63,3.4,2.8,46,2.68,2.54,3.5,3.28,2.88,2.75,45,2.1,1.95,1.94,1.83,24,0,1.9,1.83,2.06,1.98
E1,04/11/14,Brighton,Wigan,1,0,H,1,0,H,L Collins,10,18,3,5,10,15,3,4,0,2,0,0,2.3,3.3,3.5,2.2,3.1,3.25,2.1,3.1,3.2,2.25,3.25,3.3,2.25,3.4,3.5,2.25,3.2,3.3,,,,2.25,3.4,3.5,46,2.3,2.22,3.4,3.28,3.6,3.29,43,2.31,2.2,1.73,1.65,26,-0.25,1.96,1.91,2,1.93
E1,04/11/14,Derby,Huddersfield,3,2,H,2,1,H,K Hill,16,18,8,6,9,13,9,8,2,2,0,0,1.73,4,5,1.67,3.75,4.6,1.7,3.4,4.3,1.67,3.75,5,1.66,4.3,5.23,1.7,4,4.5,,,,1.75,4,5,46,1.75,1.69,4.3,3.83,5.3,4.79,40,1.72,1.65,2.33,2.2,25,-0.75,1.93,1.87,2.05,1.98
E1,04/11/14,Ipswich,Wolves,2,1,H,1,0,H,A Madley,20,13,8,1,14,8,8,5,3,2,0,0,2.6,3.4,2.9,2.5,3.1,2.8,2.3,3.1,2.8,2.4,3.3,2.88,2.61,3.34,2.92,2.5,3.2,2.87,,,,2.6,3.4,2.9,46,2.66,2.5,3.45,3.27,2.92,2.82,43,2.18,2.09,1.8,1.72,25,0,1.87,1.8,2.08,2.01
E1,04/11/14,Leeds,Charlton,2,2,D,0,0,D,G Salisbury,18,6,6,3,12,13,7,5,2,2,0,0,2.3,3.3,3.5,2.2,3.2,3.2,2.2,3.1,3,2.3,3.3,3.1,2.32,3.33,3.41,2.3,3.2,3.2,,,,2.3,3.4,3.4,46,2.34,2.24,3.4,3.25,3.5,3.24,43,2.31,2.2,1.72,1.64,26,-0.25,1.99,1.93,1.95,1.9
E1,04/11/14,Middlesbrough,Norwich,4,0,H,2,0,H,N Miller,15,9,6,1,9,13,12,2,2,3,0,0,2.4,3.4,3.2,2.4,3.1,2.9,2.1,3.1,3.2,2.38,3.3,3,2.39,3.45,3.17,2.4,3.2,3,,,,2.38,3.4,3.25,46,2.45,2.35,3.45,3.28,3.25,3.03,43,2.25,2.13,1.77,1.69,26,-0.25,2.1,2,1.91,1.85
E1,04/11/14,Millwall,Blackburn,2,2,D,0,1,A,D Deadman,15,17,6,2,13,9,5,4,2,1,1,0,2.63,3.5,2.8,2.5,3.3,2.65,2.45,3,2.55,2.6,3.4,2.62,2.74,3.45,2.67,2.6,3.3,2.7,,,,2.75,3.5,2.7,46,2.76,2.61,3.5,3.32,2.8,2.67,45,1.94,1.86,2.02,1.92,24,0,1.99,1.91,1.95,1.9
E1,04/11/14,Reading,Rotherham,3,0,H,1,0,H,P Miller,13,8,5,4,15,12,8,5,2,2,0,0,2.05,3.6,3.8,2.05,3.3,3.4,1.85,3.2,3.8,2,3.4,3.75,2.03,3.64,3.89,2.05,3.2,3.75,,,,2.05,3.6,3.8,46,2.1,2.01,3.64,3.4,4.05,3.72,45,1.92,1.82,2.05,1.95,26,-0.5,2.07,2,1.89,1.84
E1,04/11/14,Sheffield Weds,Bournemouth,0,2,A,0,0,D,M Dean,11,16,3,6,5,4,3,3,1,0,1,0,3.25,3.4,2.38,3.1,3.25,2.2,3,3.1,2.2,3.1,3.4,2.3,3.38,3.43,2.29,3.3,3.1,2.3,,,,3.25,3.4,2.3,46,3.38,3.13,3.45,3.32,2.4,2.28,44,1.96,1.89,1.99,1.89,24,0.25,1.95,1.88,2.05,1.97
E1,05/11/14,Fulham,Blackpool,2,2,D,1,2,A,R Madley,32,7,9,3,11,14,18,1,2,3,0,1,1.55,4.33,6.5,1.55,3.8,5.75,1.45,3.9,6,1.57,3.8,6,1.55,4.39,6.47,1.57,3.8,6,,,,1.57,4.3,6.5,44,1.58,1.54,4.39,3.93,7,6.2,43,1.92,1.8,2.07,1.98,27,-1,2.02,1.94,1.96,1.89
E1,05/11/14,Nott'm Forest,Brentford,1,3,A,0,2,A,M Haywood,18,12,6,5,7,10,9,6,1,2,0,0,2.1,3.5,3.8,1.95,3.4,3.6,2,3.2,3.3,2,3.4,3.75,2.08,3.62,3.73,2.05,3.4,3.6,,,,2.1,3.5,3.75,44,2.12,2.03,3.62,3.39,4.1,3.6,43,1.92,1.83,2.03,1.94,24,-0.5,2.08,2.02,1.88,1.82
E1,07/11/14,Bolton,Wigan,3,1,H,0,0,D,S Duncan,15,9,5,2,16,12,4,1,1,3,0,0,2.9,3.4,2.6,2.75,3.2,2.45,2.6,3,2.6,2.75,3.3,2.6,2.97,3.42,2.55,2.8,3.3,2.5,,,,2.9,3.4,2.6,44,3,2.81,3.43,3.28,2.7,2.51,44,2.03,1.96,1.9,1.82,22,0,2.11,2.02,1.83,1.79
E1,08/11/14,Birmingham,Cardiff,0,0,D,0,0,D,K Friend,11,14,2,2,7,14,7,7,1,4,1,0,2.75,3.4,2.7,2.65,3.3,2.5,2.6,3.1,2.5,2.8,3.5,2.37,2.76,3.41,2.71,2.7,3.1,2.7,,,,2.7,3.5,2.7,44,2.82,2.67,3.5,3.29,2.75,2.6,41,1.98,1.91,1.96,1.87,22,0,1.99,1.94,1.94,1.86
E1,08/11/14,Brighton,Blackburn,1,1,D,1,0,H,M Haywood,14,14,5,4,14,7,6,4,2,4,0,0,2.1,3.6,3.7,2.1,3.2,3.4,2.1,3.1,3.2,2.2,3.3,3.3,2.13,3.52,3.69,2.1,3.2,3.6,,,,2.15,3.6,3.6,44,2.22,2.08,3.65,3.37,3.7,3.49,42,2,1.9,1.96,1.88,22,-0.25,1.87,1.81,2.09,2.03
E1,08/11/14,Derby,Wolves,5,0,H,3,0,H,G Salisbury,15,11,6,2,14,14,9,4,1,4,0,0,2.1,3.6,3.75,2.05,3.4,3.3,2,3.2,3.3,2.1,3.4,3.4,2.03,3.65,3.88,2.1,3.3,3.5,,,,2.1,3.6,3.6,44,2.1,2.04,3.65,3.42,3.88,3.53,42,1.9,1.81,2.06,1.97,23,-0.5,2.09,2.04,1.89,1.81
E1,08/11/14,Fulham,Huddersfield,3,1,H,1,0,H,A Woolmer,13,16,6,3,12,10,4,10,3,0,0,0,2.15,3.6,3.6,2.05,3.4,3.4,2.1,3.1,3.2,2.1,3.6,3.3,2.08,3.75,3.59,2.15,3.3,3.4,,,,2.15,3.6,3.5,44,2.18,2.07,3.75,3.43,3.75,3.41,35,1.75,1.65,2.33,2.17,22,-0.5,2.11,2.05,1.85,1.8
E1,08/11/14,Ipswich,Watford,1,0,H,0,0,D,E Ilderton,17,10,4,2,8,18,10,5,1,3,0,0,2.45,3.5,3,2.45,3.25,2.75,2.3,3.1,2.8,2.4,3.4,2.8,2.45,3.48,3.03,2.4,3.1,3.1,,,,2.4,3.5,3.1,44,2.5,2.35,3.6,3.31,3.1,2.94,42,1.91,1.84,2.04,1.94,23,-0.25,2.14,2.04,1.88,1.82
E1,08/11/14,Leeds,Blackpool,3,1,H,3,0,H,S Attwell,18,14,6,1,9,13,2,3,1,0,0,0,1.85,3.6,4.75,1.72,3.5,4.6,1.75,3.3,4.2,1.8,3.5,4.5,1.86,3.63,4.71,1.83,3.4,4.5,,,,1.85,3.7,4.6,44,1.86,1.79,3.7,3.49,5,4.47,41,2.16,2.07,1.8,1.72,22,-0.5,1.87,1.8,2.09,2.04
E1,08/11/14,Middlesbrough,Bournemouth,0,0,D,0,0,D,S Hooper,11,10,1,3,14,12,1,4,2,3,0,0,2.3,3.4,3.4,2.3,3.25,3,2.2,3.1,3,2.3,3.4,3.1,2.21,3.5,3.49,2.3,3.2,3.2,,,,2.25,3.4,3.4,44,2.35,2.22,3.5,3.29,3.5,3.2,42,1.99,1.91,1.96,1.87,23,-0.25,2,1.92,2,1.92
E1,08/11/14,Millwall,Brentford,2,3,A,0,1,A,J Adcock,17,15,5,7,11,16,7,4,3,2,0,0,2.2,3.4,3.6,2.1,3.4,3.2,2.1,3.1,3.2,2.25,3.3,3.2,2.11,3.55,3.71,2.2,3.3,3.3,,,,2.2,3.4,3.6,44,2.25,2.12,3.55,3.33,3.71,3.37,42,2.13,2.03,1.84,1.77,23,-0.25,1.91,1.83,2.1,2.02
E1,08/11/14,Nott'm Forest,Norwich,2,1,H,0,1,A,A Madley,18,9,3,3,10,15,7,6,2,3,0,0,2.9,3.4,2.6,2.7,3.25,2.5,2.5,3.1,2.6,2.6,3.3,2.62,2.98,3.49,2.48,2.8,3.2,2.5,,,,2.88,3.4,2.62,44,2.98,2.77,3.49,3.28,2.62,2.48,42,2,1.91,1.96,1.86,22,0,2.15,2.01,1.87,1.8
E1,08/11/14,Reading,Charlton,0,1,A,0,1,A,N Swarbrick,20,9,2,4,9,11,12,0,2,2,0,0,1.83,3.75,4.75,1.83,3.5,4.1,1.8,3.2,4,1.85,3.5,4.2,1.78,3.76,4.92,1.83,3.4,4.5,,,,1.83,3.75,4.8,44,1.85,1.78,3.8,3.48,4.92,4.55,42,2.08,1.98,1.88,1.8,22,-0.75,2.08,2.03,1.87,1.81
E1,08/11/14,Sheffield Weds,Rotherham,0,0,D,0,0,D,N Miller,11,14,3,2,6,8,5,4,0,1,0,0,2.2,3.5,3.5,2.1,3.3,3.3,2,3.2,3.3,2.1,3.4,3.4,2.18,3.42,3.65,2.2,3.3,3.3,,,,2.2,3.5,3.5,44,2.25,2.13,3.5,3.29,3.65,3.38,40,2.2,2.07,1.78,1.73,23,-0.25,1.92,1.87,2.04,1.97
E1,21/11/14,Brentford,Fulham,2,1,H,0,0,D,D Coote,18,9,9,5,11,9,8,7,2,2,0,0,2.5,3.6,2.9,2.45,3.2,2.8,2.3,3.1,2.8,2.4,3.5,2.88,2.5,3.65,2.9,2.4,3.6,2.75,,,,2.5,3.6,2.88,45,2.56,2.42,3.65,3.47,2.96,2.82,42,1.71,1.65,2.33,2.21,27,0,1.86,1.79,2.11,2.04
E1,21/11/14,Cardiff,Reading,2,1,H,2,0,H,J Linington,16,8,5,4,13,10,6,2,1,2,0,1,2.1,3.5,3.8,2.1,3.2,3.4,2.1,3.1,3.2,2.15,3.3,3.3,2.11,3.55,3.77,2.05,3.4,3.6,,,,2.15,3.5,3.6,45,2.2,2.09,3.6,3.37,3.95,3.53,46,2.02,1.91,1.94,1.87,27,-0.25,1.87,1.8,2.12,2.05
E1,22/11/14,Blackburn,Leeds,2,1,H,0,1,A,K Wright,20,10,5,3,8,14,6,5,1,2,1,0,1.73,4,5,1.7,3.5,4.75,1.7,3.4,4.3,1.67,3.75,5,1.67,4.16,5.38,1.73,3.8,4.6,,,,1.7,3.8,5.25,47,1.76,1.68,4.15,3.8,5.4,4.94,43,1.8,1.71,2.2,2.1,26,-0.75,1.89,1.85,2.06,1.99
E1,22/11/14,Blackpool,Bolton,1,1,D,0,0,D,N Miller,13,15,4,3,9,13,1,5,2,1,0,0,3.5,3.4,2.25,3.1,3.25,2.2,3,3.1,2.2,3,3.5,2.25,3.46,3.5,2.24,3.2,3.3,2.25,,,,3.4,3.5,2.25,45,3.5,3.23,3.55,3.34,2.3,2.21,44,2.09,1.99,1.88,1.79,26,0.25,1.99,1.92,1.97,1.92
E1,22/11/14,Bournemouth,Ipswich,2,2,D,1,0,H,M Bull,23,10,9,4,9,15,6,6,2,3,0,0,1.83,3.9,4.5,1.78,3.4,4.5,1.75,3.3,4.2,1.83,3.6,4,1.79,3.72,5.08,1.8,3.3,4.8,,,,1.83,3.6,4.6,45,1.87,1.78,3.9,3.58,5.08,4.55,44,1.93,1.8,2.1,1.99,26,-0.75,2.1,2.01,1.88,1.83
E1,22/11/14,Charlton,Millwall,0,0,D,0,0,D,G Scott,10,14,5,6,11,13,9,7,1,2,0,0,2.8,3.3,2.75,2.6,3.2,2.6,2.6,3.1,2.5,2.5,3.3,2.7,2.84,3.28,2.76,2.8,2.87,2.8,,,,2.8,3.3,2.75,45,2.84,2.72,3.35,3.16,2.82,2.66,40,2.39,2.28,1.67,1.6,26,0,1.99,1.93,1.93,1.88
E1,22/11/14,Huddersfield,Sheffield Weds,0,0,D,0,0,D,G Salisbury,16,15,3,3,6,14,8,10,1,4,0,0,2.25,3.6,3.3,2.25,3.3,3,2.1,3.1,3.2,2.25,3.4,3.1,2.24,3.6,3.3,2.3,3.2,3.1,,,,2.25,3.4,3.4,45,2.31,2.21,3.6,3.38,3.4,3.21,44,2.05,1.92,1.96,1.87,26,-0.25,1.97,1.9,2.01,1.94
E1,22/11/14,Norwich,Brighton,3,3,D,1,1,D,G Eltringham,23,13,10,5,17,7,5,2,2,2,1,0,1.85,3.6,4.75,1.8,3.5,4.25,1.8,3.2,4,1.83,3.4,4.5,1.87,3.55,4.8,1.85,3.5,4.33,,,,1.9,3.5,4.75,45,1.91,1.84,3.65,3.47,4.9,4.41,43,2.25,2.09,1.8,1.72,26,-0.5,1.88,1.84,2.06,2.01
E1,22/11/14,Rotherham,Birmingham,0,1,A,0,0,D,D Bond,11,23,2,8,10,9,5,4,2,1,0,0,2.1,3.6,3.75,2.15,3.2,3.3,2.1,3.1,3.2,2.1,3.4,3.3,2.09,3.54,3.78,2.2,3.2,3.4,,,,2.1,3.5,3.6,45,2.2,2.09,3.6,3.4,3.78,3.45,44,2.02,1.86,2.01,1.92,26,-0.25,1.89,1.8,2.14,2.06
E1,22/11/14,Watford,Derby,1,2,A,0,1,A,K Stroud,15,11,6,6,18,12,6,9,4,1,0,0,2.75,3.6,2.6,2.65,3.2,2.55,2.7,3.1,2.4,2.5,3.5,2.6,2.79,3.56,2.63,2.75,3.6,2.4,,,,2.75,3.6,2.6,45,2.88,2.69,3.6,3.44,2.7,2.52,39,1.75,1.67,2.23,2.16,26,0,2.05,1.97,1.92,1.85
E1,22/11/14,Wigan,Middlesbrough,1,1,D,1,0,H,D Webb,12,8,1,2,9,11,6,5,2,2,0,0,2.75,3.3,2.8,2.45,3.2,2.75,2.5,3.1,2.6,2.6,3.25,2.62,2.75,3.24,2.83,2.8,2.87,2.8,,,,2.7,3.25,2.88,47,2.8,2.62,3.35,3.18,2.88,2.74,41,2.37,2.23,1.72,1.64,26,0,1.92,1.85,2.03,1.96
E1,22/11/14,Wolves,Nott'm Forest,0,3,A,0,0,D,P Tierney,10,19,1,9,14,13,5,11,2,3,0,0,2.2,3.5,3.5,2.15,3.25,3.25,2.1,3.1,3.2,2.15,3.4,3.2,2.16,3.51,3.6,2.2,3.3,3.3,,,,2.25,3.4,3.4,45,2.25,2.15,3.55,3.36,3.61,3.36,44,1.98,1.91,1.96,1.87,26,-0.25,1.93,1.87,2.04,1.97
E1,29/11/14,Birmingham,Nott'm Forest,2,1,H,1,0,H,G Eltringham,17,9,7,5,10,13,10,2,1,4,0,1,3.1,3.5,2.4,2.9,3.3,2.3,3,3.1,2.2,2.87,3.4,2.37,3.29,3.46,2.34,3.2,3.2,2.3,,,,3.25,3.4,2.3,47,3.3,3.08,3.6,3.32,2.4,2.29,46,1.94,1.84,2.04,1.93,26,0.25,1.94,1.87,2.08,1.97
E1,29/11/14,Bolton,Huddersfield,1,0,H,0,0,D,C Berry,14,10,3,3,10,12,3,3,2,2,0,0,2.3,3.6,3.25,2.2,3.4,3,2.1,3.1,3.2,2.15,3.5,3.1,2.31,3.61,3.22,2.3,3.2,3.2,,,,2.3,3.5,3.2,47,2.34,2.25,3.65,3.39,3.25,3.1,45,1.83,1.76,2.12,2.03,26,-0.25,2.03,1.97,1.94,1.88
E1,29/11/14,Bournemouth,Millwall,2,2,D,2,0,H,A Davies,15,16,3,7,8,11,3,6,1,3,0,0,1.65,4,6,1.57,3.7,5.75,1.55,3.7,5,1.57,3.75,6,1.62,4.14,6.17,1.62,3.6,6,,,,1.65,3.9,6,47,1.67,1.6,4.14,3.82,6.2,5.75,46,1.93,1.84,2.05,1.94,27,-1,2.11,2.05,1.89,1.79
E1,29/11/14,Brentford,Wolves,4,0,H,1,0,H,M Brown,9,9,5,2,8,13,8,2,1,4,0,0,2.35,3.6,3.1,2.2,3.4,3,2.2,3.1,3,2.3,3.4,2.87,2.3,3.64,3.17,2.38,3.3,2.9,,,,2.38,3.6,3.1,47,2.38,2.28,3.65,3.4,3.25,3.04,46,1.85,1.77,2.12,2.03,26,-0.25,2.04,1.99,1.92,1.86
E1,29/11/14,Brighton,Fulham,1,2,A,0,0,D,S Hooper,19,17,4,3,10,12,8,5,1,3,1,0,2.05,3.7,3.75,2.05,3.3,3.4,2,3.2,3.3,2.05,3.4,3.5,2.01,3.72,3.95,2.05,3.3,3.6,,,,2.05,3.5,3.8,47,2.11,2.01,3.75,3.46,3.95,3.63,46,1.89,1.81,2.06,1.96,26,-0.5,2.03,1.98,1.91,1.86
E1,29/11/14,Charlton,Ipswich,0,1,A,0,0,D,D Bond,21,19,5,6,5,3,5,6,0,0,0,0,3.1,3.3,2.5,2.7,3.3,2.45,2.8,3.1,2.3,2.9,3.2,2.37,3.27,3.33,2.39,3,3,2.5,,,,3.25,3.3,2.4,44,3.27,3.03,3.35,3.18,2.5,2.37,41,2.27,2.16,1.74,1.67,24,0.25,1.88,1.82,2.1,2.03
E1,29/11/14,Leeds,Derby,2,0,H,1,0,H,M Russell,14,11,5,0,18,6,5,6,4,5,0,0,4.1,3.75,1.95,3.9,3.5,1.85,3.8,3.2,1.85,3.8,3.6,1.9,4.3,3.67,1.93,4,3.3,1.95,,,,4.2,3.6,1.92,47,4.3,4.01,3.75,3.5,2,1.9,46,1.9,1.81,2.1,1.97,26,0.5,2.02,1.96,1.95,1.88
E1,29/11/14,Middlesbrough,Blackburn,1,1,D,0,0,D,M Clattenburg,25,13,11,6,9,9,15,6,1,1,0,0,1.91,3.75,4.33,1.8,3.5,4.25,1.8,3.2,4,1.85,3.5,4.2,1.86,3.71,4.7,1.91,3.3,4.2,,,,1.87,3.75,4.4,47,1.95,1.86,3.8,3.49,4.7,4.24,46,2.04,1.93,1.95,1.85,26,-0.5,1.92,1.84,2.07,2.01
E1,29/11/14,Norwich,Reading,1,2,A,1,2,A,D Webb,21,6,5,4,11,13,10,7,2,2,0,0,1.7,4,5.5,1.67,3.6,5,1.6,3.6,4.8,1.66,3.75,5,1.69,3.95,5.64,1.7,3.4,5.5,,,,1.7,3.8,5.5,47,1.73,1.65,4,3.71,5.7,5.3,46,1.89,1.79,2.1,1.99,25,-0.75,1.91,1.85,2.08,2
E1,29/11/14,Rotherham,Blackpool,1,1,D,0,0,D,T Harrington,13,9,4,4,10,8,7,4,3,0,0,0,1.8,3.75,5,1.75,3.5,4.5,1.7,3.4,4.3,1.75,3.5,5,1.76,3.9,5.16,1.8,3.5,4.5,,,,1.8,3.8,5,47,1.83,1.74,3.9,3.59,5.25,4.77,45,2.22,2.03,1.87,1.76,26,-0.75,2.04,1.97,1.92,1.87
E1,29/11/14,Sheffield Weds,Wigan,2,1,H,1,1,D,C Kavanagh,18,14,7,5,13,14,3,7,3,2,0,0,2.75,3.2,2.88,2.55,3.2,2.7,2.5,3.1,2.6,2.5,3.25,2.75,2.74,3.2,2.91,2.7,3.1,2.7,,,,2.7,3.25,2.88,47,2.78,2.63,3.3,3.15,2.91,2.75,37,2.52,2.35,1.66,1.55,27,0,1.93,1.86,2.02,1.95
E1,29/11/14,Watford,Cardiff,0,1,A,0,1,A,P Gibbs,22,11,5,3,10,11,3,4,0,2,0,0,2.1,3.6,3.7,2.05,3.3,3.4,2,3.2,3.3,2.1,3.4,3.4,2.14,3.54,3.64,2.1,3.3,3.5,,,,2.15,3.5,3.5,47,2.16,2.09,3.65,3.4,3.75,3.45,46,1.9,1.83,2.06,1.95,25,-0.25,1.86,1.81,2.11,2.04
E1,05/12/14,Fulham,Watford,0,5,A,0,3,A,P Tierney,8,17,2,10,5,14,5,10,0,1,1,0,2.25,3.6,3.25,2.2,3.3,3.1,2.2,3.1,3,2.25,3.5,3.2,2.28,3.73,3.18,2.25,3.6,3,,,,2.25,3.6,3.2,47,2.3,2.23,3.72,3.47,3.35,3.11,42,1.7,1.64,2.33,2.22,27,-0.25,1.99,1.93,1.97,1.91
E1,06/12/14,Blackburn,Sheffield Weds,1,2,A,1,1,D,S Martin,11,14,5,5,15,11,4,6,0,1,0,0,2,3.6,4,1.83,3.4,4.2,1.9,3.2,3.6,1.85,3.5,4.2,2.01,3.6,4.01,2,3.2,4,,,,2,3.5,4,47,2.03,1.95,3.6,3.41,4.4,3.9,45,2.05,1.95,1.92,1.83,26,-0.5,2.01,1.96,1.92,1.88
E1,06/12/14,Blackpool,Birmingham,1,0,H,0,0,D,D Coote,15,10,9,5,18,13,3,6,5,2,0,0,3,3.4,2.5,3,3.25,2.3,2.8,3.1,2.3,2.87,3.2,2.5,3.07,3.34,2.5,2.8,3.2,2.5,,,,3,3.3,2.55,46,3.1,2.91,3.4,3.24,2.55,2.43,44,2.25,2.15,1.74,1.68,26,0.25,1.81,1.76,2.18,2.1
E1,06/12/14,Cardiff,Rotherham,0,0,D,0,0,D,A D'Urso,14,13,2,4,10,8,3,1,0,0,0,0,1.91,3.6,4.5,1.75,3.4,4.6,1.85,3.2,3.8,1.83,3.4,4.33,1.91,3.62,4.44,1.91,3.3,4.2,,,,1.87,3.5,4.4,47,1.94,1.86,3.7,3.45,4.75,4.23,46,2.06,1.98,1.9,1.8,26,-0.5,1.92,1.87,2.03,1.97
E1,06/12/14,Derby,Brighton,3,0,H,3,0,H,M Heywood,18,11,8,0,11,10,4,4,2,2,0,0,1.85,3.8,4.5,1.75,3.5,4.4,1.8,3.2,4,1.85,3.6,4.2,1.9,3.76,4.31,1.91,3.3,4.2,,,,1.9,3.6,4.33,47,1.93,1.85,3.8,3.52,4.7,4.19,45,1.91,1.83,2.08,1.95,26,-0.5,1.9,1.86,2.04,1.98
E1,06/12/14,Huddersfield,Brentford,2,1,H,1,0,H,E Ilderton,18,22,8,8,11,9,3,7,3,3,0,0,2.5,3.6,2.9,2.45,3.2,2.75,2.3,3.1,2.8,2.5,3.5,2.7,2.44,3.57,2.98,2.5,3.2,2.8,,,,2.45,3.5,3,47,2.56,2.41,3.6,3.37,3,2.85,45,1.83,1.75,2.13,2.05,26,-0.25,2.2,2.08,1.85,1.79
E1,06/12/14,Ipswich,Leeds,4,1,H,3,1,H,M Dean,19,22,5,2,16,13,9,7,2,2,0,0,1.85,3.75,4.5,1.8,3.4,4.25,1.8,3.2,4,1.85,3.5,4.33,1.83,3.7,4.7,1.85,3.3,4.5,,,,1.85,3.7,4.6,47,1.88,1.81,3.75,3.5,4.9,4.45,46,2.06,1.98,1.9,1.8,25,-0.5,1.85,1.8,2.12,2.05
E1,06/12/14,Millwall,Middlesbrough,1,5,A,0,4,A,M Russell,16,15,3,7,10,14,3,5,1,0,0,0,3.4,3.4,2.3,3.1,3.25,2.2,3,3.1,2.2,3.1,3.3,2.3,3.3,3.28,2.4,3.2,3.2,2.3,,,,3.3,3.3,2.38,47,3.4,3.18,3.4,3.24,2.4,2.27,43,2.3,2.17,1.75,1.66,26,0.25,1.9,1.85,2.05,1.99
E1,06/12/14,Nott'm Forest,Charlton,1,1,D,0,1,A,K Wright,17,4,5,3,14,10,3,3,2,1,0,0,1.73,3.75,5.5,1.65,3.6,5,1.65,3.5,4.5,1.72,3.5,5,1.69,3.74,6.01,1.73,3.3,5.5,,,,1.7,3.75,5.75,47,1.75,1.67,3.85,3.58,6.01,5.38,44,2.2,2.09,1.82,1.72,26,-0.75,1.94,1.87,2.02,1.97
E1,06/12/14,Reading,Bolton,0,0,D,0,0,D,K Hill,18,10,5,3,11,10,10,4,3,0,0,0,2.15,3.6,3.5,2.1,3.25,3.4,2,3.2,3.3,2.1,3.5,3.4,2.17,3.6,3.5,2.2,3.3,3.3,,,,2.15,3.5,3.5,47,2.2,2.1,3.6,3.4,3.65,3.41,45,1.87,1.79,2.1,2,25,-0.25,1.89,1.82,2.08,2.02
E1,06/12/14,Wigan,Norwich,0,1,A,0,1,A,O Langford,9,6,6,3,5,11,4,1,0,0,0,0,2.8,3.4,2.7,2.6,3.2,2.6,2.55,3.1,2.55,2.7,3.2,2.7,2.74,3.37,2.75,2.7,3.1,2.7,,,,2.8,3.3,2.75,47,2.82,2.66,3.4,3.23,2.77,2.65,45,2.19,2.09,1.8,1.72,27,0,1.97,1.91,1.97,1.9
E1,06/12/14,Wolves,Bournemouth,1,2,A,1,0,H,M Jones,13,24,5,7,20,12,6,7,3,2,2,0,3.1,3.5,2.4,2.8,3.25,2.4,2.8,3.1,2.3,3,3.3,2.37,3.05,3.47,2.45,3.1,3.1,2.4,,,,2.9,3.4,2.5,47,3.1,2.93,3.55,3.31,2.5,2.39,45,1.92,1.81,2.08,1.97,26,0.25,1.82,1.79,2.12,2.07
E1,12/12/14,Brighton,Millwall,0,1,A,0,1,A,J Linington,14,9,3,2,12,20,5,2,2,4,0,0,2,3.6,4,1.9,3.3,4,1.9,3.2,3.6,2,3.5,3.75,2.05,3.48,4.06,1.91,3.5,4,,,,2.05,3.5,4,48,2.08,1.98,3.6,3.4,4.15,3.83,45,2.2,2.12,1.78,1.7,27,-0.5,2.05,1.98,1.91,1.85
E1,13/12/14,Birmingham,Reading,6,1,H,4,1,H,N Miller,11,16,7,4,13,12,2,5,0,2,0,0,2.5,3.4,3,2.5,3.25,2.7,2.4,3.1,2.7,2.5,3.3,2.8,2.59,3.37,2.92,2.5,3.2,2.8,,,,2.6,3.4,2.9,47,2.6,2.48,3.45,3.28,3,2.81,46,1.96,1.89,1.98,1.89,28,0,1.87,1.8,2.09,2.03
E1,13/12/14,Bolton,Ipswich,0,0,D,0,0,D,G Sutton,6,19,0,7,13,9,5,6,2,3,0,0,2.7,3.4,2.8,2.75,3.2,2.5,2.5,3.1,2.6,2.7,3.25,2.62,2.72,3.26,2.85,2.7,3.1,2.7,,,,2.75,3.3,2.8,48,2.77,2.62,3.4,3.24,2.88,2.7,46,2.13,2.01,1.88,1.77,29,0,1.92,1.87,2.03,1.95
E1,13/12/14,Bournemouth,Cardiff,5,3,H,3,1,H,J Adcock,23,17,12,4,7,11,3,7,0,0,0,0,1.75,3.9,5,1.72,3.7,4.4,1.7,3.4,4.3,1.75,3.75,4.33,1.77,3.9,4.94,1.8,3.25,5,,,,1.8,3.75,5,47,1.8,1.73,3.9,3.64,5.2,4.71,45,2.02,1.92,1.97,1.86,26,-0.75,2.01,1.96,1.95,1.89
E1,13/12/14,Brentford,Blackburn,3,1,H,1,1,D,A Woolmer,11,11,5,4,13,12,3,3,1,2,0,0,2.3,3.6,3.2,2.25,3.3,3,2.2,3.1,3,2.3,3.4,3,2.37,3.61,3.07,2.3,3.2,3.2,,,,2.38,3.6,3.1,47,2.38,2.28,3.65,3.39,3.2,3.05,45,1.83,1.74,2.15,2.06,26,-0.25,2.05,1.97,1.93,1.87
E1,13/12/14,Charlton,Blackpool,2,2,D,1,1,D,A Davies,12,10,4,5,12,8,2,2,1,1,0,0,1.95,3.6,4.2,1.9,3.25,4.1,1.8,3.2,4,1.95,3.5,3.8,2.05,3.48,4,2.05,3.2,3.8,,,,2.05,3.4,4.1,48,2.05,1.97,3.6,3.36,4.2,3.89,38,2.38,2.26,1.68,1.6,27,-0.5,2.05,1.98,1.9,1.86
E1,13/12/14,Leeds,Fulham,0,1,A,0,0,D,S Duncan,15,8,3,3,4,11,7,2,1,0,0,0,2.6,3.6,2.75,2.5,3.3,2.65,2.5,3.1,2.6,2.6,3.3,2.7,2.69,3.56,2.69,2.7,3.1,2.7,,,,2.7,3.4,2.75,48,2.72,2.58,3.6,3.36,2.78,2.65,45,1.81,1.73,2.17,2.08,29,0,1.97,1.89,1.98,1.92
E1,13/12/14,Middlesbrough,Derby,2,0,H,1,0,H,R East,15,6,7,2,15,15,6,3,2,3,0,1,2.25,3.5,3.4,2.2,3.25,3.1,2.2,3.1,3,2.25,3.4,3.1,2.17,3.53,3.55,2.25,3.2,3.2,,,,2.25,3.4,3.5,48,2.32,2.2,3.53,3.33,3.55,3.27,46,2.13,2.03,1.87,1.76,27,-0.25,1.97,1.89,2.04,1.95
E1,13/12/14,Norwich,Huddersfield,5,0,H,0,0,D,M Brown,26,9,9,3,8,8,6,6,0,0,0,1,1.73,4,5,1.7,3.6,4.6,1.65,3.5,4.5,1.72,3.6,5,1.69,4.09,5.31,1.73,3.5,5,,,,1.75,3.75,5.25,47,1.77,1.68,4.1,3.73,5.5,5.01,45,1.83,1.77,2.12,2.02,26,-0.75,1.92,1.87,2.04,1.97
E1,13/12/14,Rotherham,Nott'm Forest,0,0,D,0,0,D,R Clark,16,8,3,0,13,14,4,6,2,1,0,0,2.9,3.4,2.6,2.7,3.25,2.5,2.7,3.1,2.4,2.8,3.3,2.5,2.88,3.45,2.58,2.8,3.1,2.62,,,,2.88,3.4,2.62,47,2.94,2.78,3.45,3.3,2.65,2.51,46,2.02,1.92,1.97,1.86,28,0,2.09,2.01,1.86,1.81
E1,13/12/14,Sheffield Weds,Wolves,0,1,A,0,0,D,S Attwell,16,15,2,5,9,16,6,6,2,0,0,0,2.3,3.5,3.3,2.25,3.2,3.1,2.2,3.1,3,2.25,3.3,3.2,2.27,3.49,3.35,2.3,3.2,3.2,,,,2.3,3.5,3.3,48,2.36,2.25,3.5,3.33,3.35,3.16,47,2.1,1.98,1.88,1.8,27,-0.25,2.02,1.93,1.97,1.91
E1,13/12/14,Watford,Wigan,2,1,H,1,1,D,M Haywood,14,11,4,4,11,8,0,6,2,1,0,0,2.1,3.5,3.75,2.1,3.3,3.3,2.1,3.1,3.2,2.05,3.4,3.5,2.12,3.53,3.69,2.1,3.3,3.5,,,,2.15,3.5,3.6,47,2.18,2.09,3.58,3.4,3.8,3.47,46,2.02,1.94,1.94,1.84,26,-0.25,1.88,1.82,2.08,2.03
E1,19/12/14,Millwall,Bolton,0,1,A,0,0,D,S Attwell,8,14,2,8,12,14,3,4,2,3,0,0,2.15,3.4,3.75,2.1,3.3,3.3,2.1,3.1,3.2,2.15,3.25,3.4,2.13,3.48,3.79,2.15,3.2,3.5,,,,2.15,3.4,3.7,48,2.22,2.12,3.47,3.3,3.78,3.48,46,2.29,2.16,1.74,1.67,28,-0.25,1.89,1.83,2.09,2.01
E1,20/12/14,Blackburn,Charlton,2,0,H,2,0,H,D Webb,19,8,7,2,10,12,8,6,0,1,0,0,1.73,3.9,5.25,1.65,3.6,5,1.7,3.4,4.3,1.75,3.6,4.5,1.7,3.89,5.51,1.75,3.4,5,,,,1.7,3.75,5.25,47,1.77,1.69,4,3.69,5.51,4.96,46,1.98,1.9,1.96,1.87,26,-0.75,1.94,1.87,2.03,1.97
E1,20/12/14,Blackpool,Bournemouth,1,6,A,0,2,A,A Madley,11,21,6,11,11,8,4,6,2,1,0,0,5.75,3.8,1.7,4.75,3.8,1.65,4.5,3.5,1.65,5,3.75,1.66,5.54,3.92,1.69,5,3.5,1.73,,,,5.5,3.8,1.73,47,5.75,5.1,3.95,3.7,1.73,1.67,46,1.96,1.87,2,1.91,26,0.75,2.04,1.98,1.92,1.86
E1,20/12/14,Cardiff,Brentford,2,3,A,0,3,A,G Scott,20,9,9,5,11,11,7,3,1,4,0,0,2.4,3.5,3.1,2.25,3.3,3,2.2,3.1,3,2.4,3.3,2.9,2.44,3.46,3.06,2.4,3.1,3.1,,,,2.45,3.4,3,47,2.45,2.34,3.5,3.3,3.15,2.99,46,1.9,1.83,2.05,1.95,26,-0.25,2.1,2.05,1.87,1.81
E1,20/12/14,Derby,Norwich,2,2,D,1,0,H,P Tierney,6,17,2,3,5,9,1,3,1,2,0,0,2.3,3.5,3.3,2.1,3.4,3.2,2.1,3.1,3.2,2.2,3.3,3.25,2.31,3.54,3.22,2.3,3.2,3.2,,,,2.3,3.4,3.25,48,2.34,2.23,3.55,3.35,3.4,3.17,47,1.94,1.86,2,1.92,27,-0.25,2,1.94,1.95,1.9
E1,20/12/14,Fulham,Sheffield Weds,4,0,H,2,0,H,M Jones,13,17,6,2,11,14,4,9,2,3,0,0,2.25,3.5,3.4,2.1,3.3,3.3,2.1,3.1,3.2,2.2,3.3,3.3,2.23,3.51,3.44,2.25,3.3,3.2,,,,2.25,3.4,3.4,47,2.28,2.19,3.5,3.35,3.5,3.25,46,1.99,1.91,1.94,1.87,26,-0.25,1.94,1.89,2.02,1.95
E1,20/12/14,Huddersfield,Birmingham,0,1,A,0,0,D,J Simpson,16,9,5,2,13,14,7,5,1,1,0,0,2.25,3.6,3.3,2.15,3.4,3.1,2.1,3.1,3.2,2.25,3.3,3.2,2.23,3.67,3.29,2.25,3.3,3.2,,,,2.3,3.4,3.3,47,2.31,2.18,3.72,3.41,3.35,3.2,46,1.85,1.76,2.16,2.04,26,-0.25,1.98,1.9,2.01,1.94
E1,20/12/14,Ipswich,Middlesbrough,2,0,H,2,0,H,J Linington,15,12,6,3,5,19,1,6,1,3,0,0,2.9,3.4,2.6,2.55,3.4,2.55,2.7,3.1,2.4,2.7,3.25,2.6,3,3.25,2.6,2.8,3.1,2.62,,,,3,3.3,2.6,47,3,2.85,3.4,3.19,2.64,2.5,42,2.35,2.22,1.75,1.64,28,0,2.13,2.05,1.83,1.78
E1,20/12/14,Nott'm Forest,Leeds,1,1,D,1,0,H,K Friend,17,8,6,4,14,12,7,4,3,1,0,0,1.73,3.9,5.25,1.65,3.6,5,1.7,3.4,4.3,1.75,3.6,4.75,1.7,3.88,5.56,1.75,3.4,5,,,,1.75,3.75,5.25,48,1.77,1.7,3.9,3.68,5.56,4.93,47,1.99,1.87,2,1.9,27,-0.75,1.95,1.91,1.99,1.93
E1,20/12/14,Reading,Watford,0,1,A,0,0,D,G Ward,16,6,4,2,9,9,7,4,2,1,0,1,2.7,3.4,2.75,2.5,3.3,2.65,2.55,3.1,2.55,2.7,3.2,2.6,2.61,3.52,2.8,2.7,3.1,2.7,,,,2.75,3.4,2.7,47,2.75,2.61,3.52,3.28,2.8,2.66,45,1.85,1.75,2.13,2.04,28,0,1.93,1.88,2.02,1.94
E1,20/12/14,Wigan,Rotherham,1,2,A,0,1,A,K Stroud,14,13,3,6,13,14,11,3,2,4,0,0,1.95,3.4,4.5,1.8,3.5,4.25,1.9,3.2,3.6,1.9,3.4,4,1.95,3.46,4.43,1.95,3.3,4,,,,1.95,3.5,4.4,47,1.98,1.9,3.5,3.36,4.7,4.17,38,2.32,2.19,1.7,1.63,26,-0.5,1.97,1.91,1.98,1.92
E1,20/12/14,Wolves,Brighton,1,1,D,0,1,A,D Bond,19,5,7,3,10,14,6,1,3,3,0,1,2.25,3.4,3.5,2.05,3.4,3.3,2.1,3.1,3.2,2.2,3.3,3.3,2.27,3.35,3.5,2.25,3.2,3.3,,,,2.25,3.4,3.5,47,2.28,2.18,3.4,3.29,3.6,3.34,43,2.29,2.19,1.73,1.65,26,-0.25,1.95,1.89,2,1.95
E1,26/12/14,Birmingham,Derby,0,4,A,0,2,A,C Foy,10,15,2,6,8,12,3,9,1,2,0,0,3.25,3.6,2.25,3.2,3.2,2.2,3.2,3.1,2.1,3.2,3.3,2.2,3.4,3.5,2.25,3.3,3.3,2.2,,,,3.3,3.4,2.3,47,3.4,3.23,3.6,3.34,2.3,2.2,46,1.9,1.81,2.05,1.97,27,0.25,2,1.93,1.98,1.91
E1,26/12/14,Bolton,Blackburn,2,1,H,0,1,A,C Pawson,13,16,6,5,16,16,7,5,1,2,0,0,2.75,3.4,2.7,2.65,3.25,2.55,2.4,3.1,2.7,2.5,3.3,2.75,2.77,3.3,2.77,2.5,3.2,2.8,,,,2.7,3.4,2.75,47,2.77,2.61,3.45,3.24,2.8,2.69,46,2.04,1.93,1.93,1.85,29,0,1.96,1.89,2.04,1.93
E1,26/12/14,Bournemouth,Fulham,2,0,H,1,0,H,K Stroud,17,5,7,0,9,14,6,5,2,1,0,0,1.67,4.2,5.25,1.62,3.9,4.75,1.65,3.5,4.5,1.7,3.6,5,1.67,4.23,5.3,1.61,3.8,5.5,,,,1.67,4,5.2,47,1.7,1.64,4.23,3.88,5.5,5.07,42,1.65,1.57,2.53,2.36,27,-1,2.22,2.08,1.84,1.76
E1,26/12/14,Brentford,Ipswich,2,4,A,0,3,A,F Graham,16,13,6,7,5,9,3,4,2,1,0,0,2.45,3.5,3,2.3,3.25,2.95,2.2,3.1,3,2.3,3.3,3.1,2.4,3.5,3.03,2.3,3.2,3.1,,,,2.4,3.4,3.2,47,2.45,2.33,3.55,3.31,3.2,3,46,1.9,1.81,2.06,1.97,27,-0.25,2.1,2.03,1.88,1.82
E1,26/12/14,Brighton,Reading,2,2,D,1,2,A,G Salisbury,15,10,7,4,12,18,9,4,1,4,0,0,2.15,3.5,3.6,2.05,3.2,3.6,2,3.2,3.3,2.2,3.25,3.25,2.18,3.41,3.64,2.1,3.3,3.5,,,,2.15,3.4,3.75,47,2.2,2.11,3.5,3.29,3.75,3.49,44,2.28,2.18,1.74,1.66,27,-0.25,1.9,1.84,2.08,2.01
E1,26/12/14,Charlton,Cardiff,1,1,D,0,1,A,M Russell,18,15,7,5,15,8,5,3,1,1,1,0,3.2,3.3,2.45,2.95,3.1,2.4,2.6,3.1,2.5,2.75,3.25,2.5,3.24,3.35,2.4,3,3.25,2.37,,,,3.2,3.4,2.4,47,3.25,3.03,3.4,3.2,2.52,2.38,44,2.26,2.15,1.76,1.68,27,0.25,1.87,1.82,2.16,2.03
E1,26/12/14,Leeds,Wigan,0,2,A,0,1,A,N Miller,24,9,4,4,6,6,10,3,1,1,0,0,2.9,3.3,2.63,2.7,3.1,2.6,2.5,3.1,2.6,2.62,3.3,2.62,2.92,3.3,2.63,2.87,3.2,2.5,,,,3,3.3,2.6,47,3,2.78,3.35,3.19,2.75,2.57,44,2.26,2.15,1.77,1.68,29,0,2.1,2.01,1.88,1.81
E1,26/12/14,Middlesbrough,Nott'm Forest,3,0,H,0,0,D,S Duncan,14,11,7,3,11,12,11,4,0,1,0,1,1.85,3.6,4.75,1.8,3.4,4.4,1.85,3.2,3.8,1.83,3.4,4.33,1.83,3.72,4.8,1.8,3.5,4.5,,,,1.87,3.6,4.75,47,1.88,1.82,3.72,3.45,4.9,4.46,45,2.16,2.08,1.83,1.73,27,-0.5,1.9,1.82,2.11,2.03
E1,26/12/14,Norwich,Millwall,6,1,H,2,0,H,A D'Urso,21,8,13,3,11,4,3,9,0,1,0,0,1.6,4.2,6,1.57,3.75,5.75,1.6,3.6,4.8,1.62,3.75,5.5,1.58,4.29,6.2,1.6,4,5.5,,,,1.57,4.1,6.5,47,1.63,1.57,4.3,3.92,6.5,5.85,46,1.92,1.86,2.01,1.92,31,-1,2.06,1.96,1.94,1.86
E1,26/12/14,Rotherham,Huddersfield,2,2,D,0,1,A,M Haywood,9,13,4,6,4,13,2,8,2,3,0,0,2.4,3.5,3.1,2.35,3.4,2.8,2.2,3.1,3,2.38,3.4,2.88,2.43,3.53,3.02,2.4,3.1,3.1,,,,2.5,3.4,3,47,2.5,2.36,3.53,3.3,3.15,2.98,46,1.99,1.88,2.01,1.9,27,-0.25,2.1,2.04,1.87,1.81
E1,26/12/14,Sheffield Weds,Blackpool,1,0,H,1,0,H,J Adcock,15,7,5,3,11,14,3,1,0,2,0,1,1.7,3.9,5.5,1.65,3.7,5,1.65,3.5,4.5,1.67,3.7,5,1.66,3.98,5.86,1.61,3.8,5.5,,,,1.7,3.8,5.75,47,1.71,1.64,3.98,3.71,5.9,5.45,46,2.08,1.96,1.9,1.82,27,-0.75,1.88,1.83,2.09,2.01
E1,26/12/14,Watford,Wolves,0,1,A,0,0,D,G Scott,14,12,4,5,9,9,7,8,2,2,0,0,2.05,3.6,3.8,2,3.4,3.5,1.9,3.2,3.8,1.91,3.4,3.75,2.07,3.68,3.68,2.05,3.4,3.5,,,,2.1,3.6,3.7,46,2.12,2,3.68,3.47,3.8,3.62,45,1.88,1.8,2.08,1.99,27,-0.5,2.1,2.01,1.88,1.83
E1,28/12/14,Blackburn,Middlesbrough,0,0,D,0,0,D,C Boyeson,18,7,6,4,10,10,5,3,2,3,0,0,3,3.4,2.5,2.7,3.2,2.5,2.6,3.1,2.5,2.7,3.4,2.5,3,3.38,2.5,2.8,3.2,2.5,,,,3,3.4,2.5,46,3.07,2.86,3.4,3.25,2.6,2.45,44,2.1,2,1.89,1.79,26,0,2.14,2.06,1.83,1.77
E1,28/12/14,Blackpool,Rotherham,1,1,D,0,0,D,S Duncan,17,20,3,6,11,10,5,9,0,2,0,0,3.1,3.5,2.4,2.95,3.25,2.3,2.8,3.1,2.3,2.75,3.4,2.4,3.1,3.41,2.45,3.1,3.1,2.4,,,,3.13,3.4,2.45,46,3.15,3,3.5,3.27,2.46,2.34,44,2.11,2.01,1.93,1.78,25,0.25,1.86,1.81,2.1,2.04
E1,28/12/14,Cardiff,Watford,2,4,A,1,2,A,S Attwell,11,16,4,8,10,11,5,4,0,0,0,0,2.5,3.4,3,2.4,3.3,2.75,2.4,3.1,2.7,2.4,3.4,2.8,2.54,3.49,2.9,2.5,3.2,2.8,,,,2.5,3.4,2.9,46,2.54,2.43,3.5,3.31,3.05,2.84,44,1.94,1.85,2.01,1.93,28,0,1.83,1.76,2.17,2.06
E1,28/12/14,Huddersfield,Bolton,2,1,H,1,1,D,T Kettle,24,8,7,3,13,5,10,2,1,2,0,0,2.25,3.5,3.4,2.2,3.4,3,2.2,3.1,3,2.3,3.4,3,2.22,3.53,3.41,2.25,3.2,3.3,,,,2.25,3.4,3.3,46,2.32,2.2,3.6,3.36,3.41,3.19,44,2,1.85,2.05,1.94,27,-0.25,1.99,1.91,2,1.92
E1,28/12/14,Millwall,Bournemouth,0,2,A,0,2,A,D Coote,3,19,0,5,23,10,3,6,4,3,1,0,4.2,3.6,1.95,3.6,3.5,1.95,3.6,3.2,1.9,3.25,3.5,2,4.15,3.72,1.94,4,3.3,1.95,,,,3.9,3.5,1.95,46,4.2,3.86,3.75,3.49,2.01,1.92,44,1.95,1.86,2,1.92,23,0.5,2,1.91,1.98,1.93
E1,28/12/14,Nott'm Forest,Birmingham,1,3,A,0,3,A,S Hooper,26,18,2,9,12,11,9,9,1,1,0,0,1.83,3.75,4.75,1.85,3.5,3.9,1.8,3.2,4,1.83,3.5,4.33,1.81,3.79,4.79,1.85,3.3,4.5,,,,1.83,3.5,4.5,46,1.88,1.79,3.85,3.56,4.8,4.43,44,1.96,1.87,2.01,1.91,27,-0.75,2.07,2.02,1.87,1.83
E1,28/12/14,Reading,Norwich,2,1,H,2,0,H,J Linington,12,11,5,3,12,19,7,4,0,3,0,0,3.5,3.5,2.2,3.25,3.4,2.1,3.2,3.1,2.1,3.3,3.4,2.1,3.55,3.5,2.19,3.3,3.3,2.2,,,,3.5,3.4,2.25,46,3.7,3.33,3.5,3.36,2.25,2.14,44,2.04,1.95,1.92,1.83,27,0.25,2.04,1.97,1.92,1.87
E1,28/12/14,Wolves,Brentford,2,1,H,1,0,H,K Wright,13,17,3,5,16,6,6,9,0,2,1,0,2.2,3.6,3.4,2.25,3.3,3,2.1,3.1,3.2,2.25,3.4,3.1,2.19,3.65,3.4,2.25,3.2,3.3,,,,2.25,3.4,3.3,46,2.3,2.19,3.65,3.41,3.4,3.16,44,1.96,1.82,2.06,1.97,27,-0.25,1.98,1.91,2,1.93
E1,29/12/14,Fulham,Brighton,0,2,A,0,0,D,G Scott,18,21,2,8,6,8,9,5,1,1,0,0,2.15,3.6,3.6,2.05,3.3,3.4,2.1,3.1,3.2,2.1,3.4,3.3,2.2,3.49,3.52,2.15,3.3,3.4,,,,2.2,3.4,3.6,44,2.22,2.12,3.6,3.35,3.85,3.35,42,2.08,1.95,1.92,1.82,25,-0.25,1.89,1.85,2.06,1.99
E1,30/12/14,Derby,Leeds,2,0,H,1,0,H,K Stroud,15,8,6,1,12,13,5,2,1,4,0,0,1.5,4.5,7.5,1.45,4.2,6.5,1.45,3.9,6,1.53,4,6,1.49,4.5,7.54,1.5,4,4.8,,,,1.5,4.3,7.5,42,1.53,1.46,4.6,4.16,8,6.93,40,1.85,1.77,2.14,2.02,26,-1,1.83,1.75,2.17,2.08
E1,30/12/14,Ipswich,Charlton,3,0,H,1,0,H,C Kavanagh,16,12,5,4,3,12,16,4,2,1,0,0,1.62,4,6.5,1.55,3.7,6,1.55,3.7,5,1.57,3.75,6,1.61,4.01,6.5,1.53,3.6,5,,,,1.62,3.8,6.25,42,1.63,1.56,4.01,3.76,8,6.07,40,2.07,1.99,1.92,1.79,28,-1,2.11,2.04,1.95,1.8
E1,30/12/14,Wigan,Sheffield Weds,0,1,A,0,0,D,D Whitestone,10,6,0,4,9,13,6,6,1,3,1,0,2.05,3.6,3.8,2,3.4,3.5,2,3.2,3.3,2.1,3.4,3.4,2.04,3.41,4.14,2,3.4,3,,,,2.1,3.4,3.75,42,2.15,2.02,3.6,3.34,4.15,3.65,39,2.31,2.13,1.8,1.69,24,-0.5,2.08,2.02,1.88,1.82
E1,10/01/15,Birmingham,Wigan,3,1,H,2,1,H,M Russell,20,10,6,3,7,7,8,5,0,1,0,0,2.5,3.4,3,2.4,3.3,2.75,2.2,3.1,3,2.4,3.3,2.87,2.62,3.32,2.93,2.62,3.1,2.8,,,,2.6,3.4,2.88,46,2.63,2.5,3.4,3.23,3,2.81,44,2.15,2.05,1.8,1.74,29,0,1.9,1.81,2.1,2.01
E1,10/01/15,Blackpool,Millwall,1,0,H,1,0,H,S Martin,14,17,4,2,9,9,4,4,1,0,0,0,3,3.3,2.6,2.7,3.25,2.5,2.7,3.1,2.4,2.8,3.1,2.6,2.99,3.27,2.6,2.8,3.1,2.62,,,,2.9,3.3,2.62,46,3.01,2.84,3.3,3.17,2.65,2.52,37,2.35,2.23,1.7,1.62,27,0,2.11,2.03,1.87,1.8
E1,10/01/15,Bolton,Leeds,1,1,D,0,1,A,A Woolmer,12,13,3,5,14,12,9,5,2,1,0,0,2.05,3.6,3.8,1.95,3.4,3.7,1.9,3.2,3.6,2.05,3.25,3.75,2.03,3.5,4.07,2.05,3.3,3.75,,,,2.1,3.5,3.8,46,2.1,2.01,3.6,3.35,4.07,3.71,42,2.19,2.07,1.8,1.72,25,-0.5,2.08,2.02,1.89,1.81
E1,10/01/15,Bournemouth,Norwich,1,2,A,1,1,D,C Foy,15,12,4,3,4,17,7,5,2,2,0,1,2,3.8,3.8,1.91,3.4,3.8,1.9,3.2,3.6,1.95,3.4,3.8,2.03,3.73,3.79,2.05,3.3,3.75,,,,2.05,3.7,3.75,46,2.05,1.98,3.8,3.47,4,3.69,44,1.83,1.75,2.15,2.04,27,-0.5,2.03,1.98,1.9,1.85
E1,10/01/15,Brentford,Rotherham,1,0,H,0,0,D,P Tierney,15,17,5,4,3,9,9,4,0,2,0,0,2,3.75,3.9,1.91,3.6,3.6,1.85,3.2,3.8,2,3.6,3.6,1.98,3.82,3.88,2,3.25,4,,,,2,3.8,3.8,46,2.04,1.95,3.82,3.54,4,3.72,42,1.84,1.72,2.19,2.08,25,-0.5,1.99,1.94,1.94,1.89
E1,10/01/15,Cardiff,Fulham,1,0,H,1,0,H,N Miller,19,7,4,2,8,9,4,6,0,1,0,0,2.2,3.6,3.4,2.15,3.25,3.3,2,3.2,3.3,2.2,3.4,3.2,2.22,3.6,3.36,2.2,3.3,3.3,,,,2.2,3.6,3.3,46,2.26,2.15,3.6,3.4,3.55,3.26,41,1.78,1.7,2.2,2.12,24,-0.25,1.93,1.88,2.01,1.95
E1,10/01/15,Charlton,Brighton,0,1,A,0,0,D,L Probert,20,12,5,5,8,12,9,2,0,1,0,0,3.4,3.3,2.35,3.2,3.2,2.2,2.8,3.1,2.3,3.1,3.2,2.37,3.47,3.31,2.3,3.4,3,2.3,,,,3.4,3.3,2.38,46,3.5,3.24,3.31,3.17,2.42,2.27,36,2.38,2.3,1.67,1.58,24,0.25,1.95,1.89,2.06,1.94
E1,10/01/15,Huddersfield,Watford,3,1,H,0,0,D,C Kavanagh,17,10,8,3,3,9,5,4,1,2,0,0,2.8,3.5,2.63,2.55,3.25,2.6,2.6,3.1,2.5,2.62,3.3,2.6,2.73,3.56,2.65,2.7,3.1,2.7,,,,2.7,3.5,2.7,46,2.82,2.67,3.56,3.31,2.7,2.58,43,1.85,1.78,2.12,2,27,0,2.01,1.93,1.93,1.87
E1,10/01/15,Ipswich,Derby,0,1,A,0,0,D,K Wright,18,10,6,3,13,11,4,4,3,0,0,1,2.63,3.4,2.88,2.5,3.3,2.65,2.55,3.1,2.55,2.62,3.1,2.8,2.62,3.4,2.85,2.62,3.1,2.8,,,,2.62,3.4,2.8,46,2.68,2.55,3.43,3.27,2.88,2.74,45,2.03,1.92,1.96,1.86,27,0,1.91,1.84,2.04,1.97
E1,10/01/15,Nott'm Forest,Sheffield Weds,0,2,A,0,1,A,A D'Urso,14,16,3,5,15,10,4,7,1,0,0,0,2.15,3.5,3.6,2.05,3.2,3.6,2,3.2,3.3,2.15,3.3,3.4,2.16,3.51,3.6,2.2,3.3,3.3,,,,2.2,3.4,3.6,46,2.2,2.11,3.51,3.33,3.69,3.45,42,2.14,2.05,1.82,1.74,24,-0.25,1.89,1.82,2.09,2.02
E1,10/01/15,Reading,Middlesbrough,0,0,D,0,0,D,C Breakspear,8,11,3,4,12,12,6,10,2,1,0,0,3.25,3.4,2.35,3.25,3.25,2.15,3.2,3.1,2.1,3.2,3.3,2.3,3.29,3.27,2.41,3.1,3.1,2.4,,,,3.2,3.3,2.45,46,3.35,3.16,3.4,3.21,2.45,2.29,40,2.32,2.21,1.73,1.64,24,0.25,1.9,1.85,2.05,1.99
E1,11/01/15,Blackburn,Wolves,0,1,A,0,0,D,M Haywood,11,11,3,4,13,8,4,7,2,1,0,0,2.15,3.5,3.6,2.05,3.3,3.4,2,3.2,3.3,2.15,3.4,3.3,2.17,3.56,3.53,2.2,3.3,3.3,,,,2.2,3.5,3.5,44,2.2,2.12,3.56,3.36,3.65,3.37,43,2.02,1.92,1.94,1.85,24,-0.25,1.91,1.86,2.05,1.98
E1,17/01/15,Brighton,Brentford,0,1,A,0,1,A,A Davies,18,11,5,3,11,10,8,0,0,2,1,0,2.15,3.5,3.6,2.05,3.3,3.5,2.1,3.1,3.2,2.15,3.3,3.25,2.21,3.51,3.48,2.2,3.3,3.3,,,,2.2,3.5,3.5,48,2.25,2.13,3.51,3.33,3.6,3.33,45,2.05,1.94,1.93,1.84,25,-0.25,1.93,1.88,2.02,1.96
E1,17/01/15,Derby,Nott'm Forest,1,2,A,1,0,H,A Madley,11,16,1,4,14,19,8,7,2,2,0,0,1.73,4,5,1.72,3.7,4.4,1.75,3.3,4.2,1.72,3.5,5,1.72,3.92,5.24,1.73,3.6,5,,,,1.7,4,5.4,48,1.76,1.67,4.02,3.7,5.75,5.03,45,1.93,1.85,2,1.92,25,-0.75,1.9,1.85,2.05,1.98
E1,17/01/15,Fulham,Reading,2,1,H,0,0,D,M Brown,10,21,3,6,10,19,5,12,3,4,0,0,2.63,3.4,2.88,2.4,3.3,2.75,2.4,3.1,2.7,2.5,3.4,2.75,2.65,3.51,2.76,2.7,3.1,2.7,,,,2.62,3.5,2.75,48,2.7,2.51,3.44,3.29,3,2.74,45,1.97,1.85,2,1.92,28,0,1.92,1.85,2.03,1.96
E1,17/01/15,Leeds,Birmingham,1,1,D,0,1,A,D Whitestone,18,18,5,6,13,15,2,7,1,3,0,0,2.6,3.4,2.9,2.5,3.25,2.7,2.4,3.1,2.7,2.4,3.25,2.9,2.58,3.3,2.99,2.6,3.1,2.8,,,,2.5,3.4,3,48,2.6,2.46,3.4,3.22,3,2.84,44,2.19,2.1,1.8,1.7,28,0,1.83,1.77,2.15,2.05
E1,17/01/15,Middlesbrough,Huddersfield,2,0,H,0,0,D,P Bankes,15,13,3,3,10,14,4,9,3,1,0,0,1.67,4,5.75,1.57,3.8,5.5,1.6,3.6,4.8,1.61,3.75,5.5,1.67,3.99,5.72,1.67,3.6,5.5,,,,1.7,4,5.5,48,1.7,1.64,4,3.74,5.8,5.29,45,1.91,1.83,2.03,1.94,25,-1,2.24,2.14,1.77,1.71
E1,17/01/15,Millwall,Ipswich,1,3,A,1,2,A,G Salisbury,11,14,1,7,20,15,4,6,0,0,0,0,3.6,3.4,2.2,3.3,3.3,2.1,3,3.1,2.2,3.25,3.3,2.2,3.53,3.43,2.22,3.6,3.2,2.15,,,,3.6,3.4,2.2,48,3.65,3.37,3.43,3.28,2.25,2.15,40,2.25,2.12,1.78,1.68,25,0.25,2.06,1.97,1.92,1.87
E1,17/01/15,Norwich,Cardiff,3,2,H,3,0,H,J Adcock,21,13,7,4,12,9,7,3,1,3,0,0,1.57,4,7,1.62,3.7,5.25,1.65,3.5,4.5,1.61,3.8,5.5,1.58,4.19,6.48,1.62,3.6,6,,,,1.6,4.1,6.5,48,1.67,1.57,4.19,3.84,7,5.88,45,1.93,1.84,2.05,1.93,29,-1,2.08,1.98,1.91,1.84
E1,17/01/15,Rotherham,Bournemouth,0,2,A,0,1,A,P Gibbs,15,14,2,4,17,11,2,3,4,2,0,0,4.5,3.8,1.85,3.9,3.6,1.83,3.8,3.2,1.85,3.8,3.6,1.9,4.36,3.81,1.88,4.33,3.3,1.91,,,,4.3,3.8,1.9,48,4.5,4.12,3.81,3.51,1.92,1.85,45,1.87,1.78,2.11,2,26,0.5,2.04,1.97,1.9,1.86
E1,17/01/15,Sheffield Weds,Bolton,1,2,A,1,2,A,G Scott,17,15,3,7,12,15,5,8,3,2,1,0,2.1,3.4,4,2.1,3.3,3.3,2.1,3.1,3.2,2.1,3.3,3.4,2.06,3.44,4.03,2.15,3.2,3.6,,,,2.1,3.4,4,48,2.15,2.04,3.44,3.3,4.03,3.65,43,2.28,2.17,1.73,1.66,26,-0.5,2.1,2.03,1.86,1.81
E1,17/01/15,Watford,Charlton,5,0,H,3,0,H,D Bond,24,11,12,1,8,9,11,0,0,2,0,0,1.67,4,5.75,1.62,3.7,5.25,1.6,3.6,4.8,1.61,3.75,5.5,1.65,4.11,5.76,1.7,3.5,5.5,,,,1.67,4,5.5,48,1.7,1.62,4.11,3.76,6,5.39,45,1.91,1.82,2.09,1.96,25,-1,2.22,2.1,1.82,1.75
E1,17/01/15,Wigan,Blackburn,1,1,D,0,1,A,M Jones,12,11,4,4,11,17,3,7,3,3,0,0,2.5,3.4,3,2.2,3.4,3,2.3,3.1,2.8,2.3,3.3,3,2.59,3.36,2.93,2.6,3.1,2.8,,,,2.5,3.4,3,48,2.63,2.44,3.4,3.23,3.1,2.87,44,2.15,2.05,1.83,1.75,28,0,1.85,1.77,2.15,2.05
E1,17/01/15,Wolves,Blackpool,2,0,H,0,0,D,K Johnson,15,4,3,2,11,9,7,1,0,1,0,0,1.53,4.33,7,1.53,3.8,6,1.5,3.8,5.5,1.57,3.8,6,1.52,4.27,7.44,1.57,3.6,7,,,,1.53,4.33,7,48,1.57,1.51,4.33,3.9,7.56,6.63,45,2.05,1.94,1.96,1.83,30,-1,1.95,1.88,2.02,1.93
E1,20/01/15,Leeds,Bournemouth,1,0,H,1,0,H,O Langford,12,17,4,3,8,6,7,4,2,1,1,0,5,4,1.75,4.75,3.7,1.67,4.8,3.6,1.6,4.75,3.75,1.73,5.24,3.95,1.74,5,3.6,1.7,,,,5,3.9,1.75,50,5.5,4.9,4,3.73,1.77,1.7,48,1.91,1.83,2.06,1.95,27,0.75,2,1.94,1.96,1.89
E1,20/01/15,Middlesbrough,Cardiff,2,1,H,0,0,D,G Eltringham,21,11,7,6,10,13,5,3,3,1,0,0,1.55,4.2,7,1.55,3.8,5.75,1.55,3.7,5,1.53,4,6.5,1.52,4.29,7.65,1.55,4,6,,,,1.55,4.2,7,50,1.57,1.52,4.28,4.01,7.65,6.55,48,2.01,1.94,1.94,1.85,32,-1,1.93,1.84,2.07,1.98
E1,21/01/15,Brighton,Ipswich,3,2,H,3,1,H,K Stroud,16,12,8,3,6,9,6,3,0,2,0,0,2.7,3.3,2.88,2.45,3.1,2.85,2.6,3,2.6,2.6,3.3,2.6,2.71,3.27,2.87,2.7,3.1,2.7,,,,2.63,3.3,2.9,48,2.7,2.56,3.35,3.17,3,2.78,39,2.32,2.2,1.73,1.63,27,0,1.91,1.83,2.06,1.98
E1,21/01/15,Fulham,Nott'm Forest,3,2,H,3,1,H,A Haines,11,23,6,7,12,10,6,8,2,0,0,0,2.55,3.5,2.9,2.35,3.3,2.85,2.2,3.1,3,2.4,3.4,2.9,2.55,3.57,2.84,2.5,3.4,2.75,,,,2.6,3.5,2.8,48,2.6,2.46,3.56,3.33,3,2.79,45,1.86,1.79,2.13,1.99,26,0,1.88,1.81,2.1,2.01
E1,24/01/15,Norwich,Brentford,1,2,A,1,1,D,N Miller,12,10,4,4,16,6,7,5,4,1,0,0,1.7,4,5.5,1.72,3.5,4.75,1.65,3.5,4.5,1.75,3.8,4.5,1.66,3.98,5.8,1.73,3.3,5.5,,,,1.73,4,5.2,51,1.75,1.67,4,3.75,5.8,5.09,46,1.74,1.66,2.26,2.17,27,-0.75,1.92,1.84,2.07,2
E1,24/01/15,Watford,Blackpool,7,2,H,0,2,A,F Graham,26,11,10,5,7,10,8,3,0,1,0,0,1.4,5,9,1.4,4.4,7.25,1.4,4,6.5,1.4,4.5,7.5,1.39,5,9.27,1.4,4.5,8,,,,1.4,5,9,51,1.43,1.38,5,4.61,9.27,8,40,1.74,1.67,2.25,2.13,27,-1.5,2.16,2.09,1.81,1.75
E1,24/01/15,Wigan,Huddersfield,0,1,A,0,0,D,S Martin,20,13,4,5,11,12,9,4,3,0,0,0,2.38,3.4,3.25,2.15,3.3,3.2,2.1,3.1,3.2,2.2,3.3,3.25,2.39,3.38,3.21,2.4,3.1,3.1,,,,2.38,3.4,3.25,51,2.4,2.3,3.4,3.22,3.37,3.14,48,2.17,2.06,1.82,1.73,27,-0.25,2.05,1.98,1.9,1.86
E1,24/01/15,Wolves,Charlton,0,0,D,0,0,D,A D'Urso,12,6,2,4,7,14,8,5,2,2,0,0,1.65,4,6,1.62,3.8,5,1.55,3.7,5,1.61,3.6,6,1.61,4.07,6.36,1.62,3.6,6,,,,1.65,4,6,51,1.67,1.6,4.07,3.77,6.5,5.78,49,2.05,1.97,1.91,1.8,29,-1,2.18,2.06,1.84,1.78
