Div,Date,HomeTeam,AwayTeam,FTHG,FTAG,FTR,HTHG,HTAG,HTR,HS,AS,HST,AST,HF,AF,HC,AC,HY,AY,HR,AR,B365H,B365D,B365A,BWH,BWD,BWA,IWH,IWD,IWA,LBH,LBD,LBA,PSH,PSD,PSA,WHH,WHD,WHA,SJH,SJD,SJA,VCH,VCD,VCA,Bb1X2,BbMxH,BbAvH,BbMxD,BbAvD,BbMxA,BbAvA,BbOU,BbMx>2.5,BbAv>2.5,BbMx<2.5,BbAv<2.5,BbAH,BbAHh,BbMxAHH,BbAvAHH,BbMxAHA,BbAvAHA
I1,30/08/14,Chievo,Juventus,0,1,A,0,1,A,7,21,2,3,13,14,4,11,2,1,0,0,7,4,1.5,6,3.9,1.55,5.6,3.9,1.55,6.5,3.8,1.53,7.75,4.12,1.54,6,4,1.55,7,3.75,1.5,8,4,1.53,49,8,7.01,4.2,3.9,1.56,1.53,47,2.11,1.98,1.89,1.8,27,1,2,1.94,1.98,1.92
I1,30/08/14,Roma,Fiorentina,2,0,H,1,0,H,20,10,5,4,15,17,2,0,4,4,0,0,1.67,3.8,5,1.75,3.65,4.5,1.7,3.6,4.7,1.72,3.75,4.5,1.74,3.92,5.32,1.75,3.6,4.75,1.73,3.5,4.8,1.73,3.8,5.4,49,1.81,1.73,3.92,3.67,5.5,4.95,47,1.91,1.84,2.1,1.94,21,-0.75,2,1.95,1.98,1.92
I1,31/08/14,Atalanta,Verona,0,0,D,0,0,D,11,9,1,3,17,16,6,2,2,3,0,0,2.05,3.4,3.6,2.1,3.2,3.6,2.1,3.3,3.3,2.1,3.3,3.5,2.11,3.36,3.95,2.15,3.25,3.5,2.05,3.2,3.5,2.1,3.3,3.75,49,2.21,2.1,3.5,3.27,4,3.62,44,2.2,2.11,1.79,1.7,21,-0.5,2.15,2.1,1.84,1.8
I1,31/08/14,Cesena,Parma,1,0,H,1,0,H,9,12,5,1,10,19,4,7,2,1,0,0,3.1,3.2,2.35,3,3.1,2.4,2.85,3.2,2.4,3.1,3.2,2.37,3.43,3.2,2.4,3.1,3.1,2.4,3,3.13,2.3,3.5,3.1,2.4,49,3.5,3.19,3.3,3.13,2.46,2.36,43,2.47,2.32,1.7,1.59,21,0.25,1.91,1.86,2.08,2.01
I1,31/08/14,Genoa,Napoli,1,2,A,1,1,D,11,15,5,5,10,10,7,5,3,1,0,0,3.9,3.4,1.95,3.5,3.4,2.05,3.3,3.3,2.1,3.75,3.4,2,4,3.58,2.04,3.6,3.4,2.05,3.75,3.25,2,3.4,3.4,2.05,49,4.04,3.78,3.57,3.37,2.11,2.01,45,2.06,1.96,1.92,1.82,21,0.5,1.91,1.87,2.04,2.01
I1,31/08/14,Milan,Lazio,3,1,H,1,0,H,7,19,4,4,10,20,0,10,2,3,0,0,2,3.4,3.75,2,3.4,3.65,2,3.3,3.6,2,3.4,3.75,2.05,3.51,4.03,1.91,3.5,4,1.95,3.3,3.75,2.05,3.4,4.2,48,2.06,1.99,3.65,3.37,4.2,3.88,44,2.1,2,1.9,1.79,20,-0.5,2.05,2,1.9,1.87
I1,31/08/14,Palermo,Sampdoria,1,1,D,1,0,H,8,10,1,3,15,18,1,7,1,2,0,1,2.2,3.25,3.3,2.25,3.2,3.2,2.1,3.3,3.3,2.25,3.25,3.3,2.24,3.29,3.7,2.2,3.2,3.4,2.1,3.13,3.4,2.25,3.2,3.7,48,2.3,2.2,3.3,3.2,3.7,3.43,43,2.31,2.2,1.75,1.65,21,-0.25,1.96,1.89,2.03,1.98
I1,31/08/14,Sassuolo,Cagliari,1,1,D,1,1,D,13,10,5,4,22,26,4,4,3,2,0,0,2.3,3.4,3,2.3,3.4,2.95,2.3,3.3,2.9,2.3,3.4,2.9,2.32,3.57,3.24,2.38,3.4,2.9,2.3,3.25,3,2.3,3.5,3.25,49,2.42,2.31,3.65,3.36,3.3,3.04,43,1.77,1.72,2.25,2.1,21,0,1.72,1.67,2.36,2.25
I1,31/08/14,Torino,Inter,0,0,D,0,0,D,11,14,2,2,9,10,6,10,1,1,0,1,3.1,3.3,2.3,3,3.3,2.3,2.75,3.3,2.4,2.9,3.3,2.37,3.32,3.46,2.33,3.1,3.3,2.3,3,3.2,2.3,3.4,3.25,2.38,46,3.45,3.14,3.55,3.28,2.4,2.31,44,2.08,2.02,1.88,1.77,21,0,2.38,2.28,1.72,1.66
I1,31/08/14,Udinese,Empoli,2,0,H,0,0,D,15,13,5,2,10,9,3,9,2,2,0,0,1.8,3.5,4.5,1.83,3.5,4.25,1.8,3.5,4.2,1.83,3.5,4.33,1.83,3.64,5.04,1.83,3.5,4.4,1.8,3.4,4.5,1.85,3.5,5,49,1.86,1.81,3.7,3.48,5.04,4.63,44,2.15,2.05,1.83,1.74,21,-0.75,2.1,2.05,1.87,1.83
I1,13/09/14,Empoli,Roma,0,1,A,0,1,A,17,5,3,2,4,10,7,0,0,1,0,0,5.5,3.75,1.62,6,3.9,1.62,5.4,3.7,1.6,6,4,1.57,6.76,4.21,1.57,6,3.8,1.57,5.8,3.6,1.57,7,4,1.57,46,7.2,6.22,4.33,3.9,1.62,1.57,45,1.99,1.89,1.98,1.89,28,1,1.94,1.84,2.09,2.02
I1,13/09/14,Juventus,Udinese,2,0,H,1,0,H,18,9,7,1,13,14,4,6,0,1,0,0,1.4,4.5,8,1.45,4.33,8.25,1.4,4.4,7.3,1.36,4.5,9,1.42,4.84,9.3,1.4,4.5,8,1.36,4.5,7.5,1.4,4.6,10,46,1.45,1.39,5,4.6,10,8.42,45,1.92,1.83,2.04,1.96,26,-1.5,2.28,2.18,1.75,1.7
I1,14/09/14,Cagliari,Atalanta,1,2,A,0,1,A,19,7,9,3,14,21,7,7,4,4,0,0,2.25,3.4,3.1,2.3,3.2,3.1,2.2,3.2,3.2,2.25,3.4,3.1,2.34,3.48,3.29,2.3,3.2,3.2,2.2,3.3,3.13,2.3,3.4,3.3,46,2.35,2.27,3.5,3.35,3.45,3.17,44,1.8,1.72,2.2,2.08,24,-0.25,2.01,1.96,1.96,1.91
I1,14/09/14,Fiorentina,Genoa,0,0,D,0,0,D,22,6,7,1,13,18,12,3,1,3,0,1,1.57,3.8,6,1.62,4.1,5.5,1.6,3.7,5.4,1.57,4,6,1.56,4.25,6.98,1.6,3.6,6,1.53,3.75,6,1.57,4.1,7,46,1.62,1.56,4.25,3.93,7,6.3,45,1.89,1.8,2.1,1.98,28,-1,2,1.95,1.97,1.9
I1,14/09/14,Inter,Sassuolo,7,0,H,4,0,H,22,14,11,2,16,12,6,1,0,1,0,1,1.44,4.33,7,1.5,3.85,7,1.4,4.4,7.3,1.44,4.33,7.5,1.47,4.59,8.16,1.5,4,7,1.44,4,6.5,1.5,4.3,8,46,1.51,1.46,4.59,4.28,8.3,7.36,44,1.8,1.73,2.2,2.07,26,-1,1.79,1.75,2.2,2.12
I1,14/09/14,Lazio,Cesena,3,0,H,1,0,H,17,7,6,1,26,10,7,1,3,1,0,0,1.33,5,9,1.35,4.5,9.5,1.4,4.4,7.3,1.33,4.5,11,1.35,5.17,11.74,1.36,4.5,9,1.3,4.8,9.5,1.33,5,12,45,1.41,1.33,5.2,4.91,13,10.27,44,1.99,1.91,2,1.87,27,-1.5,2.14,2.01,1.9,1.85
I1,14/09/14,Napoli,Chievo,0,1,A,0,0,D,33,8,9,1,14,12,15,2,2,2,0,0,1.36,4.75,8,1.4,4.5,7.5,1.35,4.8,7.6,1.3,5,10,1.39,4.93,10.3,1.36,4.5,9,1.33,4.8,8.5,1.36,5,11,46,1.41,1.35,5.2,4.85,11,9.11,45,1.84,1.78,2.16,2.01,26,-1.5,2.17,2.07,1.83,1.78
I1,14/09/14,Parma,Milan,4,5,A,1,3,A,11,11,3,7,24,12,5,4,3,1,1,1,2.7,3.2,2.6,2.9,3.4,2.5,2.65,3.3,2.5,2.87,3.25,2.5,2.96,3.42,2.56,2.8,3.1,2.62,2.8,3.2,2.5,2.9,3.3,2.62,46,2.98,2.83,3.45,3.29,2.66,2.53,45,2.08,1.93,1.94,1.85,27,0,2.12,2.04,1.87,1.82
I1,14/09/14,Sampdoria,Torino,2,0,H,1,0,H,8,10,4,0,18,17,3,5,3,4,0,0,2.4,3.1,3.1,2.55,3.2,2.95,2.3,3.2,3,2.37,3.2,3,2.5,3.22,3.24,2.5,3,3,2.4,3.13,2.88,2.55,3.1,3.2,46,2.56,2.46,3.25,3.13,3.3,3.05,40,2.5,2.33,1.66,1.58,25,0,1.75,1.7,2.28,2.18
I1,15/09/14,Verona,Palermo,2,1,H,1,1,D,14,18,5,4,9,12,10,5,4,2,0,0,2.2,3.3,3.3,2.25,3.25,3.5,2.2,3.2,3.2,2.25,3.25,3.2,2.2,3.44,3.64,2.2,3.3,3.3,,,,2.2,3.3,3.7,43,2.26,2.17,3.5,3.29,3.7,3.4,42,2.09,2,1.87,1.78,22,-0.25,1.9,1.87,2.06,2
I1,20/09/14,Cesena,Empoli,2,2,D,2,0,H,8,18,5,6,20,9,3,7,4,1,0,0,2.8,3,2.7,2.75,3.2,2.75,2.6,3.2,2.6,2.62,3.2,2.7,2.92,3.09,2.83,2.8,3,2.7,,,,2.9,3,2.8,47,2.94,2.78,3.3,3.08,2.9,2.69,42,2.52,2.35,1.65,1.58,29,0,2.01,1.95,1.94,1.9
I1,20/09/14,Milan,Juventus,0,1,A,0,0,D,9,14,3,4,9,18,3,4,2,3,0,0,3.2,3.3,2.25,3.1,3.4,2.35,2.9,3.3,2.3,3.2,3.3,2.25,3.46,3.29,2.34,3.2,3.2,2.3,,,,3.4,3.25,2.38,47,3.5,3.31,3.4,3.24,2.4,2.26,45,2.2,2.06,1.85,1.75,26,0.25,1.94,1.9,2.02,1.96
I1,21/09/14,Atalanta,Fiorentina,0,1,A,0,0,D,23,16,6,6,10,23,4,7,1,4,0,0,3.25,3.1,2.3,3,3.2,2.35,2.75,3.2,2.5,2.9,3.25,2.4,3.57,3.19,2.34,3.3,3.1,2.3,,,,3.5,3.2,2.38,45,3.55,3.26,3.3,3.19,2.5,2.31,43,2.28,2.15,1.77,1.68,24,0.25,1.94,1.9,2,1.97
I1,21/09/14,Chievo,Parma,2,3,A,1,0,H,11,12,4,4,17,21,4,5,1,4,0,0,2.9,3.1,2.5,2.8,3.1,2.8,2.6,3.2,2.6,2.9,3.2,2.45,3.01,3.16,2.69,2.8,3,2.7,,,,3,3,2.8,47,3.1,2.92,3.2,3.1,2.8,2.58,42,2.47,2.32,1.65,1.59,29,0,2.13,2.07,1.84,1.79
I1,21/09/14,Genoa,Lazio,1,0,H,0,0,D,9,17,4,7,11,19,3,7,2,1,0,1,3,3,2.5,2.75,3.2,2.55,2.5,3.3,2.65,2.87,3.2,2.5,3.19,3.17,2.56,2.8,3.2,2.5,,,,3.12,3.12,2.6,46,3.19,2.97,3.3,3.16,2.65,2.5,42,2.35,2.23,1.72,1.63,26,0,2.2,2.12,1.85,1.74
I1,21/09/14,Palermo,Inter,1,1,D,1,1,D,13,13,2,3,16,9,5,2,2,4,0,0,3.75,3.4,2,3.65,3.4,2,3.3,3.3,2.1,3.75,3.4,2,4.39,3.43,2,4,3.2,2,,,,4.2,3.4,2,45,4.39,3.99,3.6,3.36,2.1,1.97,43,2.15,2.01,1.9,1.78,24,0.5,1.94,1.89,2.02,1.98
I1,21/09/14,Roma,Cagliari,2,0,H,2,0,H,7,9,3,2,16,13,0,6,1,1,0,0,1.3,5,11,1.3,5.5,8.5,1.3,5,9,1.33,5,9,1.3,5.84,12.26,1.3,5,11,,,,1.3,5.4,12,45,1.33,1.29,6.2,5.35,13,10.56,37,1.6,1.52,2.63,2.46,28,-1.5,1.9,1.86,2.14,2
I1,21/09/14,Sassuolo,Sampdoria,0,0,D,0,0,D,14,12,5,3,19,23,3,7,3,2,0,0,2.63,3.2,2.7,2.6,3.2,2.7,2.65,3.3,2.5,2.75,3.3,2.5,2.7,3.31,2.88,2.7,3.1,2.7,,,,2.75,3.2,2.88,47,2.82,2.67,3.35,3.21,2.9,2.72,46,2.06,1.99,1.9,1.8,29,0,1.97,1.9,2.03,1.95
I1,21/09/14,Torino,Verona,0,1,A,0,0,D,22,11,4,2,15,8,11,1,3,1,0,0,1.91,3.5,4,1.91,3.4,3.9,2,3.3,3.6,1.9,3.4,4,1.9,3.54,4.71,1.91,3.3,4.2,,,,1.92,3.5,4.5,45,2,1.89,3.6,3.41,4.71,4.29,44,2.16,2.06,1.85,1.75,24,-0.5,1.97,1.89,2.04,1.98
I1,21/09/14,Udinese,Napoli,1,0,H,0,0,D,9,10,3,3,12,12,0,9,1,3,0,0,3.3,3.25,2.2,3,3.3,2.3,2.9,3.3,2.3,3.1,3.3,2.25,3.58,3.46,2.22,3.3,3.2,2.25,,,,3.6,3.2,2.3,47,3.6,3.33,3.46,3.28,2.3,2.22,46,2.07,1.97,1.94,1.81,26,0.25,2.04,1.98,1.94,1.89
I1,23/09/14,Empoli,Milan,2,2,D,2,1,H,13,15,6,6,13,21,3,5,2,3,1,0,4.5,3.3,1.85,4,3.4,1.9,4.2,3.5,1.8,4,3.6,1.85,4.67,3.58,1.9,4.6,3.5,1.8,,,,4.8,3.4,1.9,44,5.2,4.55,3.7,3.47,1.95,1.84,42,2.16,2.06,1.85,1.75,24,0.5,2.1,2.03,1.87,1.84
I1,24/09/14,Cagliari,Torino,1,2,A,1,2,A,11,12,5,4,14,11,3,6,2,2,0,0,2.55,3.3,2.7,2.6,3.2,2.7,2.3,3.3,2.9,2.3,3.3,2.9,2.59,3.44,2.91,2.62,3.1,2.75,,,,2.62,3.3,2.9,44,2.68,2.53,3.45,3.29,2.94,2.8,43,1.95,1.87,2,1.92,27,0,1.86,1.82,2.09,2.03
I1,24/09/14,Fiorentina,Sassuolo,0,0,D,0,0,D,18,5,2,0,13,12,11,3,2,2,0,0,1.44,4.33,7,1.45,4,7.8,1.4,4.4,7.3,1.44,4.33,6.5,1.48,4.65,7.86,1.44,4,8,,,,1.45,4.5,8.5,44,1.5,1.44,4.8,4.41,8.5,7.47,41,1.75,1.67,2.35,2.18,25,-1,1.77,1.72,2.26,2.16
I1,24/09/14,Inter,Atalanta,2,0,H,1,0,H,21,14,6,2,13,14,6,13,1,3,0,0,1.44,4.33,7,1.45,4,7.8,1.5,4,6.1,1.4,4.33,8,1.47,4.5,8.55,1.44,4,8,,,,1.45,4.5,9,44,1.51,1.44,4.9,4.36,9,7.64,42,1.9,1.79,2.1,2.01,22,-1.25,2.13,2.05,1.89,1.82
I1,24/09/14,Juventus,Cesena,3,0,H,1,0,H,29,1,13,1,10,14,6,2,0,3,0,0,1.13,8,19,1.12,7.75,21,1.12,8,16,1.12,8.5,19,1.14,9.67,27.49,1.11,8.5,23,,,,1.14,8.5,29,44,1.15,1.12,10,8.58,31,22.13,35,1.55,1.48,2.75,2.57,24,-2.5,2.29,2.18,1.75,1.71
I1,24/09/14,Napoli,Palermo,3,3,D,3,2,H,16,10,8,6,11,10,6,4,1,4,0,0,1.44,4.33,7,1.45,4,7.75,1.45,4,7,1.4,4.33,8,1.44,4.72,8.93,1.44,4,8,,,,1.45,4.5,8.5,44,1.46,1.42,4.9,4.47,9,7.87,42,1.81,1.74,2.25,2.07,24,-1.25,1.99,1.95,1.95,1.91
I1,24/09/14,Parma,Roma,1,2,A,0,1,A,6,13,4,4,15,12,6,9,2,3,0,0,3.75,3.4,2,3.6,3.3,2.05,3.8,3.45,1.9,3.75,3.4,1.95,3.91,3.51,2.09,3.8,3.3,2,,,,4,3.4,2.1,44,4,3.8,3.6,3.39,2.11,2.02,43,2.01,1.92,1.98,1.87,24,0.5,1.87,1.84,2.09,2.03
I1,24/09/14,Sampdoria,Chievo,2,1,H,1,0,H,16,5,5,3,25,27,6,1,1,3,0,0,1.91,3.3,4.2,1.9,3.4,4,1.9,3.45,3.8,1.9,3.3,4,1.94,3.42,4.71,1.95,3.25,4.2,,,,2,3.3,4.33,44,2.05,1.93,3.5,3.32,4.7,4.25,41,2.43,2.3,1.72,1.61,24,-0.5,1.97,1.93,1.99,1.94
I1,24/09/14,Verona,Genoa,2,2,D,0,1,A,16,16,7,9,13,15,7,4,2,2,0,0,2.05,3.4,3.5,2.1,3.25,3.5,2.2,3.3,3.1,2.15,3.3,3.4,2.12,3.35,3.98,2.05,3.4,3.6,,,,2.15,3.3,3.9,44,2.25,2.1,3.5,3.31,4.02,3.64,42,2.16,2.04,1.87,1.76,24,-0.25,1.85,1.82,2.15,2.05
I1,25/09/14,Lazio,Udinese,0,1,A,0,1,A,18,5,8,2,18,12,7,3,3,1,0,0,1.8,3.5,4.5,1.9,3.5,4.4,1.85,3.45,4,1.8,3.5,4.5,1.86,3.63,4.83,1.85,3.3,4.5,,,,1.91,3.4,4.75,43,1.92,1.84,3.7,3.47,5,4.55,42,2.1,2.01,1.9,1.78,23,-0.5,1.87,1.84,2.08,2.03
I1,27/09/14,Atalanta,Juventus,0,3,A,0,1,A,10,16,1,7,17,15,2,3,2,3,0,0,6.5,3.8,1.55,5.9,3.8,1.57,5.6,3.9,1.55,6,3.8,1.57,7.46,4.08,1.56,6.5,3.6,1.57,,,,8,3.9,1.55,46,8,6.74,4.25,3.83,1.65,1.55,43,2.18,2.07,1.8,1.74,29,1,2,1.88,2.05,1.99
I1,27/09/14,Roma,Verona,2,0,H,0,0,D,23,9,6,3,13,4,10,2,1,1,0,0,1.33,5,9,1.35,4.75,8.5,1.35,4.8,7.6,1.33,5,9,1.36,5.28,10.32,1.36,4.5,9,,,,1.33,5.25,11,46,1.4,1.35,5.5,5.02,11,9.08,41,1.75,1.68,2.28,2.16,27,-1.5,2.18,2.06,1.87,1.8
I1,28/09/14,Cesena,Milan,1,1,D,1,1,D,10,11,2,4,14,12,4,9,4,2,0,1,5.5,3.75,1.62,5.2,3.7,1.65,5.1,3.6,1.65,5.5,3.75,1.61,6.96,3.95,1.61,6,3.4,1.67,,,,6,3.8,1.62,46,6.85,5.88,4,3.74,1.7,1.62,44,2.11,2.02,1.9,1.78,28,1,1.85,1.78,2.2,2.1
I1,28/09/14,Chievo,Empoli,1,1,D,0,0,D,18,6,5,3,20,14,11,1,3,1,0,0,2.25,3.25,3.25,2.3,3.2,3.1,2.1,3.3,3.3,2.25,3.2,3.4,2.35,3.21,3.54,2.3,3.1,3.3,,,,2.4,3,3.6,46,2.41,2.28,3.3,3.15,3.8,3.39,40,2.55,2.38,1.65,1.56,25,-0.25,2.03,1.97,1.94,1.89
I1,28/09/14,Genoa,Sampdoria,0,1,A,0,0,D,7,10,4,1,22,23,3,5,3,4,0,0,2.9,3,2.6,2.65,3.1,2.7,2.7,3,2.7,2.62,3.2,2.7,2.98,3.17,2.71,2.7,3.1,2.7,,,,3,3,2.75,46,3.05,2.83,3.25,3.13,2.8,2.64,40,2.42,2.29,1.67,1.61,28,0,2.08,2,1.89,1.85
I1,28/09/14,Inter,Cagliari,1,4,A,1,4,A,15,16,5,7,23,8,10,3,1,3,1,0,1.44,4.33,7,1.45,4.25,7,1.45,4,7,1.4,4.5,7.5,1.43,4.8,8.91,1.44,4,8,,,,1.4,4.6,9,46,1.47,1.42,4.9,4.47,9.3,7.93,43,1.79,1.7,2.28,2.14,26,-1.5,2.28,2.19,1.76,1.71
I1,28/09/14,Sassuolo,Napoli,0,1,A,0,1,A,11,11,1,3,19,12,6,6,4,2,0,0,4.5,3.5,1.8,4.1,3.5,1.85,3.8,3.45,1.9,4.5,3.6,1.76,4.89,3.85,1.8,4.5,3.4,1.83,,,,4.75,3.6,1.83,46,4.95,4.48,3.88,3.59,1.91,1.81,44,1.95,1.87,2.01,1.92,23,0.75,1.91,1.84,2.08,2.02
I1,28/09/14,Torino,Fiorentina,1,1,D,0,0,D,15,19,3,7,14,15,6,4,3,2,0,0,2.88,3.2,2.5,2.65,3.2,2.65,2.6,3.2,2.6,2.8,3.2,2.5,2.94,3.16,2.76,2.8,3.1,2.62,,,,3,3.1,2.75,46,2.98,2.81,3.3,3.15,2.76,2.63,40,2.4,2.25,1.7,1.63,28,0,2.04,1.99,1.93,1.86
I1,29/09/14,Palermo,Lazio,0,4,A,0,1,A,17,15,4,10,12,16,4,1,2,4,0,0,2.9,3.25,2.4,2.85,3.2,2.45,2.75,3.3,2.4,3,3.2,2.4,3.24,3.29,2.45,3.1,3.1,2.4,,,,3.25,3.12,2.5,43,3.3,3.11,3.4,3.21,2.51,2.37,41,2.3,2.18,1.77,1.67,23,0,2.31,2.21,1.72,1.68
I1,29/09/14,Udinese,Parma,4,2,H,2,2,D,12,18,5,6,8,11,6,4,2,0,0,1,2.2,3.2,3.4,2.2,3.2,3.3,2.1,3.2,3.4,2.2,3.2,3.4,2.29,3.38,3.49,2.25,3.1,3.4,,,,2.3,3.2,3.6,43,2.33,2.21,3.4,3.23,3.6,3.39,40,2.21,2.13,1.8,1.7,22,-0.25,1.98,1.93,1.98,1.94
I1,05/10/14,Empoli,Palermo,3,0,H,2,0,H,20,7,11,2,18,25,12,4,0,4,0,0,2.38,3.2,3,2.4,3.2,2.95,2.3,3.2,3,2.3,3.2,3.2,2.36,3.19,3.54,2.4,3.1,3.1,,,,2.4,3.12,3.3,43,2.45,2.34,3.3,3.17,3.54,3.18,37,2.4,2.28,1.7,1.61,22,-0.25,2.04,1.99,1.94,1.88
I1,05/10/14,Fiorentina,Inter,3,0,H,2,0,H,15,14,8,4,12,17,2,5,2,3,0,0,2.38,3.3,2.9,2.5,3.4,2.85,2.3,3.2,3,2.4,3.3,2.87,2.46,3.32,3.21,2.5,3,3,,,,2.5,3.25,3.12,43,2.5,2.41,3.4,3.26,3.21,2.99,40,2.21,2.13,1.8,1.7,24,0,1.75,1.72,2.25,2.14
I1,05/10/14,Juventus,Roma,3,2,H,2,2,D,20,8,5,2,14,15,5,5,4,3,1,1,1.8,3.5,4.5,1.95,3.4,4.25,1.9,3.3,4,1.9,3.4,4,1.92,3.51,4.7,1.95,3.1,4.5,,,,1.9,3.5,4.75,43,1.96,1.88,3.6,3.43,4.75,4.33,42,2.11,2.01,1.89,1.78,22,-0.5,1.92,1.87,2.03,1.99
I1,05/10/14,Lazio,Sassuolo,3,2,H,3,1,H,13,12,9,6,22,12,4,1,2,1,1,1,1.5,4,7,1.5,3.9,6.9,1.45,4,7,1.5,4.2,6.5,1.51,4.3,8.07,1.5,4,7,,,,1.5,4.2,7,42,1.53,1.48,4.6,4.11,8.5,7.24,41,1.87,1.79,2.14,2,25,-1,1.88,1.83,2.1,2.02
I1,04/10/14,Milan,Chievo,2,0,H,0,0,D,22,10,4,2,10,25,9,2,2,5,0,0,1.4,4.75,7,1.45,4.2,7,1.4,4.4,7.3,1.4,4.5,8,1.43,4.59,9.75,1.44,4,8,,,,1.44,4.4,9.5,44,1.44,1.41,5,4.41,10.14,8.44,43,1.97,1.89,1.98,1.89,26,-1.5,2.28,2.21,1.77,1.69
I1,05/10/14,Napoli,Torino,2,1,H,0,1,A,24,5,9,2,17,16,9,2,3,3,0,0,1.5,4,7,1.55,3.75,6.25,1.5,4,6.1,1.53,4,6,1.54,4.18,7.63,1.53,3.75,7,,,,1.55,4,7.5,43,1.56,1.52,4.33,3.99,7.63,6.92,42,2,1.92,1.98,1.87,26,-1,1.94,1.89,2.02,1.97
I1,05/10/14,Parma,Genoa,1,2,A,0,0,D,12,13,3,5,26,12,6,3,2,2,0,1,1.91,3.4,4,1.95,3.2,4.1,1.9,3.4,3.9,1.83,3.5,4.33,1.92,3.45,4.8,1.95,3.2,4.2,,,,1.92,3.5,4.5,43,1.95,1.89,3.75,3.41,4.74,4.27,41,2.11,2.03,1.88,1.76,22,-0.5,1.92,1.89,2.02,1.97
I1,05/10/14,Sampdoria,Atalanta,1,0,H,1,0,H,16,8,3,1,19,14,3,4,3,3,0,0,1.83,3.4,4.5,1.91,3.3,4.1,1.8,3.4,4.3,1.9,3.3,4.2,1.93,3.51,4.62,1.91,3.3,4.2,,,,1.92,3.3,4.4,43,1.95,1.88,3.51,3.33,5.1,4.41,38,2.42,2.28,1.68,1.6,22,-0.5,1.92,1.89,2.03,1.97
I1,05/10/14,Udinese,Cesena,1,1,D,0,0,D,14,7,3,5,10,12,7,1,3,3,0,0,1.45,4.2,7.5,1.55,3.75,6.25,1.53,3.85,6,1.55,3.8,6.5,1.52,4.05,8.62,1.53,3.6,7.5,,,,1.5,4.2,7,43,1.55,1.5,4.2,3.89,8.62,7.52,40,2.18,2.09,1.8,1.72,26,-1,1.91,1.86,2.06,1.99
I1,04/10/14,Verona,Cagliari,1,0,H,0,0,D,13,19,5,7,13,17,5,11,1,3,0,0,2,3.3,3.75,2.15,3.4,3.6,2,3.3,3.6,2.05,3.5,3.5,2.11,3.47,3.88,2.15,3.2,3.5,,,,2.1,3.5,3.8,44,2.15,2.07,3.52,3.37,3.87,3.61,42,1.87,1.75,2.25,2.06,23,-0.5,2.12,2.07,1.84,1.8
I1,18/10/14,Roma,Chievo,3,0,H,3,0,H,14,11,8,3,12,13,6,2,1,1,0,0,1.3,5.5,9,1.33,4.85,9,1.3,5,9,1.28,5.5,11,1.31,5.69,12.52,1.33,4.5,11,,,,1.3,5.5,12,46,1.33,1.3,6,5.31,13,10.33,43,1.77,1.69,2.25,2.15,28,-1.5,2.03,1.96,1.98,1.9
I1,18/10/14,Sassuolo,Juventus,1,1,D,1,1,D,7,19,2,7,14,15,2,6,2,2,0,1,7.5,4.5,1.4,7,4.33,1.44,7.3,4.4,1.4,9.5,4.5,1.36,8.75,4.75,1.44,7,4.33,1.44,,,,10.5,4.6,1.4,46,10.5,8.31,5,4.5,1.45,1.4,45,1.86,1.8,2.15,2,24,1.25,1.98,1.92,2.01,1.95
I1,19/10/14,Atalanta,Parma,1,0,H,0,0,D,18,6,3,1,11,18,3,1,2,3,0,0,2.5,3.2,2.88,2.6,3,2.85,2.3,3.2,3,2.5,3.2,2.87,2.63,3.18,3.07,2.6,3,2.9,,,,2.55,3.2,3.1,44,2.63,2.52,3.3,3.18,3.15,2.92,44,2.25,2.1,1.81,1.72,26,0,1.82,1.77,2.15,2.09
I1,19/10/14,Cagliari,Sampdoria,2,2,D,0,2,A,13,13,4,8,19,15,8,0,3,5,0,1,2.5,3.3,2.75,2.65,3.1,2.7,2.6,3.2,2.6,2.6,3.25,2.7,2.64,3.27,2.98,2.62,3.1,2.8,,,,2.6,3.25,3,46,2.66,2.56,3.4,3.22,3.05,2.83,45,2.05,1.97,1.94,1.83,27,0,1.85,1.82,2.11,2.03
I1,19/10/14,Fiorentina,Lazio,0,2,A,0,1,A,15,10,2,5,11,24,6,4,1,5,0,0,2.05,3.3,3.6,2.1,3.3,3.45,2.1,3.3,3.3,2.1,3.2,3.6,2.07,3.41,4.12,2.1,3,4,,,,2.05,3.3,4.2,45,2.11,2.05,3.41,3.28,4.2,3.82,43,2.28,2.19,1.75,1.66,23,-0.5,2.11,2.04,1.88,1.83
I1,19/10/14,Inter,Napoli,2,2,D,0,0,D,22,12,5,4,8,12,6,4,2,3,0,0,2.5,3.25,2.8,2.6,3.2,2.9,2.3,3.3,2.9,2.45,3.3,2.9,2.56,3.33,3.04,2.6,3,2.9,,,,2.6,3.25,3,46,2.6,2.49,3.42,3.27,3.05,2.87,45,2.04,1.97,1.96,1.82,26,0,1.83,1.78,2.15,2.08
I1,19/10/14,Palermo,Cesena,2,1,H,1,0,H,12,4,4,2,16,16,12,3,5,3,0,1,1.65,3.6,5.5,1.72,3.6,4.75,1.8,3.5,4.2,1.75,3.5,4.75,1.71,3.73,5.95,1.73,3.5,5,,,,1.7,3.6,6,46,1.8,1.71,3.75,3.55,6,5.33,44,2.25,2.14,1.8,1.69,24,-0.75,1.95,1.91,2.03,1.95
I1,19/10/14,Torino,Udinese,1,0,H,0,0,D,23,11,5,3,16,8,8,5,3,2,0,0,2.15,3.2,3.4,2.3,3.1,3.2,2.4,3.2,2.85,2.25,3.2,3.4,2.25,3.26,3.72,2.3,3.1,3.3,,,,2.3,3.2,3.6,46,2.4,2.24,3.31,3.19,3.72,3.39,43,2.42,2.28,1.72,1.61,24,-0.25,1.94,1.91,2.01,1.95
I1,19/10/14,Verona,Milan,1,3,A,0,2,A,22,12,8,5,10,15,8,5,2,1,1,0,3.4,3.4,2.1,3.3,3.2,2.2,3.6,3.3,2,3.4,3.4,2.15,3.72,3.45,2.17,3.3,3.2,2.25,,,,3.7,3.4,2.2,46,3.75,3.48,3.49,3.33,2.25,2.14,45,1.96,1.89,2,1.9,24,0.25,2.07,2.01,1.89,1.86
I1,20/10/14,Genoa,Empoli,1,1,D,1,0,H,13,9,3,4,16,13,10,4,3,1,0,0,2.1,3.3,3.5,2.1,3.2,3.55,2.1,3.2,3.4,2.15,3.2,3.6,2.12,3.26,4.15,2.1,3,4,,,,2.1,3.2,4.2,46,2.15,2.09,3.35,3.23,4.2,3.73,43,2.38,2.25,1.7,1.63,24,-0.25,1.82,1.79,2.16,2.09
I1,25/10/14,Empoli,Cagliari,0,4,A,0,4,A,9,15,5,6,10,23,6,6,2,2,0,0,2,3.4,3.75,2.15,3.4,3.6,2.1,3.2,3.4,2.1,3.3,3.5,2.09,3.47,3.94,2.05,3.25,3.75,,,,2.1,3.4,3.9,45,2.15,2.08,3.55,3.35,4,3.64,44,2,1.92,1.96,1.87,25,-0.5,2.1,2.07,1.85,1.81
I1,25/10/14,Parma,Sassuolo,1,3,A,0,2,A,11,8,4,3,19,16,7,3,4,2,0,0,1.73,3.6,4.75,1.78,3.4,5.5,1.8,3.5,4.2,1.8,3.5,4.33,1.77,3.78,5.26,1.73,3.5,5,,,,1.75,3.6,5.25,45,1.81,1.76,3.8,3.57,5.5,4.9,44,1.95,1.87,2.04,1.92,25,-0.75,2.02,1.97,1.94,1.9
I1,25/10/14,Sampdoria,Roma,0,0,D,0,0,D,9,20,2,4,14,12,6,14,2,3,0,0,3.6,3.5,2,3.75,3.4,2.1,3.8,3.45,1.9,4.2,3.5,1.85,4.22,3.4,2.04,3.6,3.4,2.05,,,,4.2,3.3,2.05,45,4.45,3.97,3.5,3.32,2.1,2,43,2.2,2.07,1.85,1.75,25,0.5,1.9,1.86,2.05,2.01
I1,26/10/14,Cesena,Inter,0,1,A,0,1,A,8,18,2,6,20,15,2,3,5,1,1,0,6.5,3.6,1.57,5.5,3.7,1.62,4.5,3.5,1.75,6,3.5,1.61,7.15,3.93,1.6,6.5,3.75,1.57,,,,7.5,3.8,1.6,45,7.5,6.25,3.95,3.69,1.75,1.61,43,2.19,2.1,1.85,1.72,28,1,1.83,1.79,2.18,2.09
I1,26/10/14,Chievo,Genoa,1,2,A,1,0,H,13,13,5,4,23,22,4,7,2,3,1,0,2.38,3.1,3.1,2.45,3.1,2.95,2.4,3.2,2.85,2.37,3.2,3,2.46,3.13,3.39,2.4,3.1,3.1,,,,2.55,3.12,3.2,45,2.55,2.44,3.25,3.1,3.39,3.1,42,2.47,2.33,1.68,1.59,25,-0.25,2.12,2.07,1.87,1.81
I1,26/10/14,Juventus,Palermo,2,0,H,1,0,H,20,6,5,1,8,10,6,1,2,1,0,0,1.22,5.5,15,1.22,6.5,10.5,1.22,5.5,12,1.22,5.5,15,1.22,6.92,18.85,1.22,6,13,,,,1.22,6.5,18,45,1.25,1.21,7,6.19,19,14.79,42,1.74,1.67,2.38,2.18,25,-1.75,1.98,1.91,2.01,1.96
I1,26/10/14,Lazio,Torino,2,1,H,1,0,H,12,15,7,4,13,9,3,6,2,1,0,0,1.75,3.5,4.75,1.83,3.4,4.33,1.75,3.5,4.5,1.8,3.5,4.5,1.77,3.66,5.5,1.8,3.4,4.8,,,,1.75,3.6,5.25,44,1.83,1.78,3.7,3.5,5.4,4.9,41,2.21,2.11,1.8,1.71,24,-0.75,2.07,2.02,1.9,1.86
I1,26/10/14,Milan,Fiorentina,1,1,D,1,0,H,15,12,2,2,13,13,5,4,2,2,0,0,2.05,3.4,3.6,2.1,3.3,3.4,2,3.3,3.6,2,3.4,3.6,2.05,3.51,4.04,2.1,3.3,3.5,,,,2.05,3.4,3.9,45,2.1,2.03,3.6,3.37,4.2,3.76,44,2.06,1.99,1.94,1.81,25,-0.5,2.07,2.03,1.89,1.85
I1,26/10/14,Napoli,Verona,6,2,H,1,1,D,26,8,16,6,11,7,14,3,1,1,0,0,1.4,4.5,8,1.45,4.2,7,1.45,4,7,1.44,4.33,7,1.45,4.73,8.38,1.44,4,8,,,,1.4,4.5,9,45,1.5,1.43,4.9,4.45,9,7.63,37,1.7,1.64,2.36,2.22,25,-1.5,2.23,2.17,1.75,1.72
I1,26/10/14,Udinese,Atalanta,2,0,H,2,0,H,15,14,4,3,16,15,5,7,2,1,0,0,1.91,3.4,4,1.85,3.5,4.1,1.8,3.5,4.2,1.83,3.3,4.5,1.89,3.53,4.82,1.85,3.4,4.5,,,,1.91,3.4,4.75,45,1.91,1.86,3.6,3.38,5,4.55,41,2.3,2.19,1.78,1.66,25,-0.5,1.88,1.85,2.06,2.02
I1,28/10/14,Sassuolo,Empoli,3,1,H,0,1,A,23,16,6,6,9,12,6,3,2,3,0,0,2.2,3.25,3.3,2.2,3.2,3.3,2.2,3.1,3.3,2.2,3.3,3.3,2.22,3.33,3.7,2.25,3.2,3.3,,,,2.2,3.25,3.6,46,2.25,2.19,3.45,3.25,3.8,3.48,44,2.2,2.11,1.81,1.72,26,-0.25,1.91,1.87,2.06,2
I1,29/10/14,Atalanta,Napoli,1,1,D,0,0,D,7,18,2,6,18,12,4,5,3,2,1,0,4,3.4,1.91,3.8,3.4,1.95,3.8,3.45,1.9,4,3.5,1.91,4.23,3.68,1.95,4.2,3.4,1.91,,,,4.33,3.5,1.95,46,4.5,4.11,3.7,3.47,1.96,1.91,45,2.04,1.95,1.92,1.83,25,0.5,2,1.96,1.96,1.91
I1,29/10/14,Cagliari,Milan,1,1,D,1,1,D,16,13,5,3,13,13,6,4,3,2,0,0,3.4,3.4,2.1,3.4,3.3,2.1,3.3,3.3,2.1,3.6,3.5,2,3.47,3.51,2.24,3.5,3.6,2,,,,3.5,3.5,2.2,46,3.75,3.4,3.6,3.42,2.24,2.13,43,1.79,1.72,2.24,2.1,25,0.25,2.09,2,1.93,1.87
I1,29/10/14,Fiorentina,Udinese,3,0,H,1,0,H,27,5,9,1,15,14,4,2,2,3,0,0,1.65,3.6,5.5,1.75,3.5,4.75,1.8,3.5,4.2,1.75,3.5,5,1.72,3.69,5.96,1.73,3.5,5,,,,1.73,3.6,6,46,1.8,1.7,3.75,3.57,6,5.33,45,2.18,2.05,1.83,1.76,23,-0.75,1.95,1.9,2.01,1.97
I1,29/10/14,Genoa,Juventus,1,0,H,0,0,D,4,16,3,4,22,17,1,13,2,4,0,0,7,4,1.5,6.25,3.9,1.53,6.1,4,1.5,7,4,1.5,8.39,4.11,1.52,7,3.75,1.53,,,,8.5,4,1.53,46,8.5,7.56,4.25,3.9,1.55,1.5,44,2.11,2,1.9,1.79,27,1,2.02,1.99,1.92,1.87
I1,29/10/14,Inter,Sampdoria,1,0,H,0,0,D,17,10,5,4,11,19,4,4,2,2,0,0,1.8,3.6,4.33,1.8,3.5,4.4,1.8,3.5,4.2,1.8,3.6,4.5,1.81,3.69,5.09,1.73,3.75,4.6,,,,1.8,3.6,5.25,46,1.84,1.78,3.75,3.52,5.25,4.81,44,2.16,2.06,1.83,1.75,23,-0.75,2.08,2.03,1.88,1.85
I1,29/10/14,Palermo,Chievo,1,0,H,0,0,D,16,15,6,3,15,17,4,3,2,1,0,0,1.91,3.4,4,1.95,3.25,4,2,3.3,3.6,1.95,3.3,4,1.98,3.45,4.44,1.91,3.4,4.2,,,,2,3.3,4.33,46,2.02,1.96,3.6,3.35,4.44,4.09,43,2.43,2.32,1.67,1.6,25,-0.5,1.99,1.95,1.97,1.92
I1,29/10/14,Roma,Cesena,2,0,H,1,0,H,16,4,6,1,11,13,7,3,1,1,0,0,1.18,6.5,15,1.2,6.25,13.5,1.2,5.8,13,1.2,6.5,15,1.2,7.12,20.98,1.2,6.5,13,,,,1.18,6.5,19,46,1.24,1.19,7.4,6.64,21,16.39,38,1.68,1.61,2.44,2.28,29,-2,2.08,2,1.92,1.87
I1,29/10/14,Torino,Parma,1,0,H,1,0,H,15,10,5,2,11,17,4,7,1,3,0,1,1.83,3.4,4.33,1.9,3.2,4.33,2.1,3.2,3.4,1.91,3.4,4.2,1.89,3.59,4.7,1.91,3.4,4,,,,1.91,3.4,4.5,46,2.1,1.89,3.65,3.45,4.7,4.26,44,2.19,2.09,1.8,1.73,25,-0.5,1.9,1.86,2.06,2.01
I1,30/10/14,Verona,Lazio,1,1,D,0,1,A,11,10,3,3,13,14,2,3,2,2,0,1,3.2,3.3,2.25,3.2,3.2,2.25,2.9,3.3,2.3,3.2,3.3,2.25,3.42,3.52,2.25,3.2,3.3,2.25,,,,3.5,3.4,2.25,45,3.5,3.27,3.55,3.36,2.3,2.22,43,1.99,1.87,2,1.92,22,0.25,2.01,1.96,1.94,1.91
I1,01/11/14,Empoli,Juventus,0,2,A,0,0,D,12,18,4,7,15,16,6,6,2,1,1,0,7.5,4.2,1.44,7,4.25,1.45,7.3,4.4,1.4,7.5,4.5,1.4,9.3,4.48,1.45,8,4,1.44,,,,9.5,4.4,1.44,46,9.57,8.16,4.75,4.27,1.48,1.43,45,2.09,1.98,1.92,1.82,26,1,2.21,2.15,1.83,1.74
I1,01/11/14,Napoli,Roma,2,0,H,1,0,H,15,8,6,2,13,11,6,5,2,3,0,0,2.4,3.3,2.9,2.45,3.3,2.95,2.3,3.3,2.9,2.37,3.4,2.87,2.38,3.49,3.19,2.4,3.1,3.1,,,,2.4,3.4,3.2,46,2.5,2.38,3.51,3.33,3.2,3.01,45,1.89,1.81,2.1,1.99,25,-0.25,2.12,2.05,1.88,1.82
I1,01/11/14,Parma,Inter,2,0,H,1,0,H,11,14,4,1,18,19,5,2,3,1,0,0,3.4,3.4,2.1,3.1,3.2,2.3,3.1,3.3,2.2,3.25,3.3,2.2,3.54,3.42,2.25,3.4,3.1,2.25,,,,3.6,3.3,2.25,46,3.6,3.34,3.5,3.31,2.3,2.22,44,2.12,2.04,1.87,1.77,25,0.25,2,1.96,1.95,1.91
I1,02/11/14,Chievo,Sassuolo,0,0,D,0,0,D,12,9,1,3,20,16,5,5,1,6,0,0,2.4,3.2,3,2.45,3.1,2.95,2.3,3.3,2.9,2.3,3.2,3.1,2.45,3.25,3.28,2.5,3,3,,,,2.5,3.12,3.2,46,2.5,2.42,3.3,3.18,3.4,3.06,41,2.48,2.27,1.67,1.62,25,0,1.73,1.69,2.31,2.21
I1,02/11/14,Milan,Palermo,0,2,A,0,2,A,14,13,3,7,10,15,4,4,3,3,0,0,1.5,4,7,1.53,3.9,6.25,1.5,4,6.1,1.45,4.33,7,1.55,4.29,7.13,1.53,3.75,7,,,,1.53,4.2,7.5,46,1.55,1.51,4.5,4.09,8,6.85,45,1.89,1.8,2.08,2,29,-1,1.95,1.9,2.02,1.96
I1,02/11/14,Sampdoria,Fiorentina,3,1,H,2,1,H,12,16,6,5,17,26,3,10,3,4,0,0,3,3.2,2.4,2.7,3.2,2.6,2.6,3.2,2.6,2.8,3.25,2.5,3.04,3.27,2.59,2.9,3,2.62,,,,3.12,3.1,2.62,46,3.13,2.92,3.3,3.17,2.63,2.53,41,2.3,2.19,1.75,1.66,26,0,2.16,2.09,1.82,1.78
I1,02/11/14,Torino,Atalanta,0,0,D,0,0,D,20,7,2,1,12,23,10,6,0,5,0,0,1.85,3.5,4.2,1.85,3.3,4.4,1.9,3.3,4,1.85,3.4,4.33,1.86,3.46,5.03,1.91,3.3,4.2,,,,1.91,3.4,4.6,46,1.95,1.87,3.6,3.37,5.03,4.52,41,2.36,2.23,1.72,1.63,25,-0.5,1.89,1.86,2.08,2.01
I1,02/11/14,Udinese,Genoa,2,4,A,2,2,D,15,13,2,6,10,14,7,5,2,3,0,0,2.05,3.3,3.6,2.05,3.2,3.7,2,3.3,3.6,1.95,3.4,4,2.08,3.36,4.13,2,3.2,4,,,,2.1,3.2,4.2,46,2.12,2.03,3.4,3.27,4.4,3.91,43,2.3,2.21,1.76,1.66,23,-0.5,2.09,2.05,1.86,1.83
I1,03/11/14,Cesena,Verona,1,1,D,1,0,H,8,11,4,2,14,19,4,4,1,4,0,0,2.88,3.2,2.5,2.8,3.1,2.55,2.6,3.2,2.6,2.75,3.3,2.5,3.03,3.29,2.59,3,3,2.5,,,,3.1,3.12,2.6,43,3.15,2.92,3.35,3.2,2.62,2.5,41,2.23,2.12,1.8,1.71,24,0,2.16,2.08,1.81,1.78
I1,03/11/14,Lazio,Cagliari,4,2,H,3,0,H,11,9,5,4,24,15,4,7,2,3,0,1,1.53,3.8,6.5,1.55,3.9,6,1.55,3.9,5.6,1.55,4,6,1.57,4.32,6.59,1.62,3.6,6,,,,1.57,4,6.5,45,1.62,1.55,4.33,4.02,7,6.25,43,1.83,1.72,2.3,2.11,28,-1,2.02,1.95,1.96,1.91
I1,08/11/14,Sampdoria,Milan,2,2,D,1,1,D,19,10,8,3,13,23,5,5,1,3,0,1,2.6,3.2,2.7,2.7,3.2,2.65,2.65,3.3,2.5,2.8,3.2,2.6,2.74,3.37,2.8,2.7,3.1,2.7,,,,2.8,3.12,2.88,43,2.88,2.69,3.37,3.21,2.88,2.71,42,2.23,2.12,1.82,1.71,21,0.25,1.69,1.64,2.4,2.33
I1,08/11/14,Sassuolo,Atalanta,0,0,D,0,0,D,14,10,5,0,19,22,8,4,3,1,0,0,2.1,3.4,3.4,2.2,3.2,3.3,2.2,3.3,3.1,2.25,3.25,3.25,2.16,3.37,3.83,2.2,3.1,3.5,,,,2.15,3.3,3.7,43,2.25,2.17,3.45,3.27,3.83,3.49,42,2.28,2.18,1.75,1.67,24,-0.25,1.9,1.83,2.11,2.04
I1,09/11/14,Cagliari,Genoa,1,1,D,1,0,H,13,9,5,5,19,24,6,2,5,4,0,1,2.2,3.4,3.2,2.25,3.2,3.2,2.3,3.2,3,2.3,3.3,3.1,2.22,3.52,3.51,2.3,3.2,3.2,,,,2.25,3.5,3.2,43,2.3,2.23,3.6,3.37,3.51,3.26,43,1.85,1.78,2.11,2.02,24,-0.25,1.95,1.9,2.03,1.97
I1,09/11/14,Chievo,Cesena,2,1,H,0,0,D,19,9,6,3,16,18,5,2,4,4,0,0,1.85,3.4,4.33,1.95,3.1,4.25,1.9,3.45,3.8,1.95,3.4,4,1.94,3.3,4.96,1.95,3.1,4.33,,,,1.95,3.3,4.75,43,1.97,1.91,3.45,3.29,4.96,4.41,34,2.52,2.39,1.65,1.56,24,-0.5,1.94,1.91,2,1.96
I1,09/11/14,Empoli,Lazio,2,1,H,0,0,D,7,7,2,1,13,24,3,4,1,2,0,0,3.75,3.25,2.05,3.4,3.2,2.15,3.3,3.3,2.1,3.3,3.3,2.2,3.77,3.42,2.16,3.3,3.3,2.2,,,,3.9,3.3,2.15,42,3.9,3.52,3.45,3.31,2.25,2.14,42,2.1,2,1.9,1.8,23,0.25,2.11,2.04,1.89,1.84
I1,09/11/14,Fiorentina,Napoli,0,1,A,0,0,D,14,19,2,5,9,13,7,5,3,3,0,0,2.5,3.3,2.75,2.55,3.2,2.75,2.6,3.2,2.6,2.5,3.4,2.75,2.66,3.43,2.84,2.7,3.1,2.7,,,,2.7,3.25,2.9,43,2.74,2.59,3.43,3.26,3,2.78,43,2.07,2,1.9,1.8,21,0,1.91,1.85,2.05,1.99
I1,09/11/14,Inter,Verona,2,2,D,1,1,D,18,17,4,5,9,13,5,8,0,2,1,0,1.45,4.5,6.5,1.52,3.9,6.5,1.5,4,6.1,1.44,4.5,7,1.49,4.56,7.68,1.5,4,7,,,,1.5,4.5,8,43,1.52,1.48,4.6,4.34,8,6.94,39,1.72,1.66,2.31,2.2,27,-1,1.82,1.78,2.18,2.09
I1,09/11/14,Juventus,Parma,7,0,H,3,0,H,22,4,11,1,3,11,5,0,0,1,0,0,1.2,6,15,1.25,5.5,11,1.22,5.5,12,1.22,6,13,1.25,6.29,16.46,1.25,5.5,12,,,,1.2,6.25,18,43,1.25,1.22,6.6,6.07,18,13.91,41,1.75,1.67,2.32,2.18,24,-1.75,1.91,1.86,2.06,2.01
I1,09/11/14,Palermo,Udinese,1,1,D,1,1,D,20,12,4,6,14,22,7,5,1,5,0,0,2.15,3.3,3.4,2.25,3.2,3.2,2.2,3.2,3.2,2.25,3.25,3.2,2.2,3.32,3.79,2.25,3.1,3.4,,,,2.2,3.25,3.7,43,2.3,2.18,3.4,3.23,3.8,3.49,42,2.31,2.21,1.75,1.66,22,-0.25,1.92,1.85,2.09,2.02
I1,09/11/14,Roma,Torino,3,0,H,2,0,H,14,12,8,4,12,11,2,5,1,2,0,0,1.44,4.33,7,1.5,3.8,7,1.45,4,7,1.5,4.2,6.5,1.46,4.58,8.54,1.5,3.75,7.5,,,,1.45,4.33,8.5,43,1.5,1.46,4.6,4.27,8.6,7.5,43,1.9,1.82,2.08,1.97,25,-1,1.82,1.76,2.2,2.13
I1,22/11/14,Atalanta,Roma,1,2,A,1,2,A,9,6,1,2,27,16,3,3,2,5,1,0,4.5,3.4,1.83,4.25,3.4,1.85,4,3.45,1.85,4.75,3.4,1.8,5.1,3.54,1.85,4.33,3.5,1.83,,,,5.2,3.5,1.83,47,5.3,4.66,3.6,3.44,1.9,1.82,45,2.22,2.11,1.82,1.72,26,0.5,2.1,2.05,1.86,1.83
I1,22/11/14,Lazio,Juventus,0,3,A,0,1,A,14,10,4,4,23,13,6,4,2,2,0,1,3.75,3.4,2,3.6,3.25,2.05,3.8,3.45,1.9,3.8,3.5,1.95,4.09,3.5,2.05,4,3.1,2.05,,,,4.2,3.4,2.05,46,4.35,3.9,3.6,3.38,2.1,1.99,45,2.05,1.97,1.91,1.82,25,0.5,1.92,1.88,2.04,1.99
I1,23/11/14,Cesena,Sampdoria,1,1,D,0,0,D,8,19,3,6,21,14,4,4,2,0,0,0,4,3.3,1.95,3.9,3.3,1.95,3.6,3.3,2,4.33,3.25,1.91,4.64,3.33,1.98,4.4,3.1,1.95,,,,4.6,3.25,1.95,48,4.64,4.24,3.5,3.29,2.05,1.94,38,2.56,2.4,1.63,1.55,27,0.5,1.98,1.92,1.98,1.93
I1,23/11/14,Milan,Inter,1,1,D,1,0,H,10,8,2,3,17,12,7,4,2,2,0,0,2.63,3.2,2.7,2.65,3.3,2.7,2.6,3.2,2.6,2.6,3.25,2.75,2.76,3.32,2.81,2.8,2.87,2.8,,,,2.75,3.2,2.88,48,2.8,2.65,3.4,3.22,2.9,2.74,46,2.12,2.06,1.85,1.75,27,0,1.96,1.89,2,1.94
I1,23/11/14,Napoli,Cagliari,3,3,D,2,1,H,14,11,6,8,17,9,6,4,1,2,0,0,1.36,4.75,8.5,1.4,4.6,7.5,1.4,4.4,7.3,1.36,4.75,8.5,1.38,5.28,9.58,1.4,4.75,7.5,,,,1.36,5,10,47,1.42,1.37,5.28,4.9,10,8.26,37,1.58,1.53,2.62,2.44,31,-1.5,2.08,2.02,1.9,1.84
I1,23/11/14,Parma,Empoli,0,2,A,0,1,A,10,6,2,5,19,17,6,10,4,1,0,0,2.15,3.4,3.3,2.15,3.1,3.55,2,3.3,3.6,2,3.4,3.75,2.15,3.41,3.82,2.2,3.3,3.3,,,,2.15,3.3,3.9,47,2.2,2.12,3.5,3.33,3.9,3.56,46,2.13,2.01,1.92,1.79,24,-0.25,1.87,1.81,2.11,2.06
I1,23/11/14,Torino,Sassuolo,0,1,A,0,0,D,12,14,5,6,16,13,6,4,2,3,0,0,1.83,3.5,4.33,1.85,3.4,4.25,1.8,3.5,4.2,1.8,3.4,4.75,1.88,3.51,4.89,1.8,3.4,4.75,,,,1.87,3.4,5,47,1.95,1.83,3.6,3.44,5.2,4.61,45,2.25,2.16,1.78,1.68,26,-0.5,1.88,1.83,2.1,2.04
I1,23/11/14,Udinese,Chievo,1,1,D,1,0,H,9,14,3,5,8,11,3,5,3,2,0,0,1.85,3.4,4.33,1.95,3.3,3.9,1.8,3.5,4.2,1.83,3.4,4.5,1.95,3.41,4.66,2,3.3,3.75,,,,1.95,3.3,4.75,47,2,1.89,3.5,3.36,4.85,4.36,42,2.35,2.23,1.8,1.64,26,-0.5,1.95,1.9,2,1.96
I1,23/11/14,Verona,Fiorentina,1,2,A,1,1,D,10,14,3,6,17,18,6,10,2,4,0,0,3.4,3.4,2.1,3.45,3.2,2.15,3.3,3.3,2.1,3.5,3.4,2.1,3.88,3.46,2.12,3.25,3.3,2.2,,,,3.7,3.4,2.15,48,3.88,3.57,3.5,3.35,2.2,2.1,47,2.04,1.94,1.96,1.85,25,0.25,2.16,2.07,1.85,1.79
I1,24/11/14,Genoa,Palermo,1,1,D,1,1,D,15,11,2,5,10,11,3,3,2,0,0,0,2.15,3.3,3.4,2.2,3.2,3.3,2,3.3,3.6,2.15,3.2,3.6,2.22,3.31,3.73,2.2,3.2,3.4,,,,2.25,3.13,3.75,45,2.25,2.17,3.4,3.24,3.8,3.49,42,2.45,2.35,1.65,1.58,24,-0.25,1.92,1.86,2.05,2
I1,29/11/14,Chievo,Lazio,0,0,D,0,0,D,8,12,2,4,9,8,1,13,1,0,0,0,3.75,3.3,2.1,3.45,3.2,2.15,3.3,3.3,2.1,3.75,3.3,2.05,4.1,3.35,2.09,3.6,3.1,2.15,,,,3.9,3.25,2.15,46,4.1,3.72,3.45,3.26,2.15,2.09,45,2.3,2.2,1.72,1.66,23,0.25,2.16,2.09,1.82,1.79
I1,29/11/14,Sassuolo,Verona,2,1,H,0,1,A,17,11,4,1,18,18,9,5,4,3,0,0,2,3.5,3.6,2.1,3.2,3.6,2.1,3.2,3.4,2.1,3.4,3.5,2.08,3.54,3.9,2.1,3.2,3.6,,,,2.1,3.4,3.8,47,2.15,2.06,3.6,3.41,3.9,3.64,46,1.95,1.84,2.02,1.95,26,-0.5,2.1,2.04,1.88,1.83
I1,30/11/14,Cagliari,Fiorentina,0,4,A,0,1,A,14,17,5,7,17,22,6,6,2,2,0,0,3.8,3.5,2,3.2,3.3,2.2,3.2,3.2,2.2,3.4,3.4,2.1,3.68,3.55,2.14,3.5,3.1,2.2,,,,3.7,3.4,2.15,47,3.8,3.48,3.6,3.4,2.21,2.12,44,1.8,1.72,2.22,2.11,26,0.25,2.11,2.04,1.87,1.83
I1,30/11/14,Cesena,Genoa,0,3,A,0,3,A,11,15,3,5,14,18,4,10,3,2,0,0,3.4,3.2,2.25,3.1,3.2,2.3,3.2,3.2,2.2,3.4,3.2,2.2,3.65,3.17,2.32,3.4,3,2.3,,,,3.6,3.1,2.38,47,3.65,3.37,3.3,3.15,2.38,2.28,37,2.57,2.42,1.63,1.54,26,0.25,1.96,1.92,1.99,1.95
I1,30/11/14,Empoli,Atalanta,0,0,D,0,0,D,21,6,4,1,14,23,11,2,2,3,0,0,2.1,3.4,3.6,2.2,3.1,3.4,2.1,3.2,3.4,2.15,3.25,3.5,2.16,3.4,3.79,2.2,3.1,3.5,,,,2.2,3.25,3.7,47,2.22,2.14,3.4,3.26,3.95,3.56,45,2.38,2.2,1.72,1.66,24,-0.25,1.87,1.83,2.09,2.03
I1,30/11/14,Juventus,Torino,2,1,H,1,1,D,16,16,3,5,17,13,8,4,1,4,1,0,1.3,5,13,1.28,5.25,10,1.3,5,9,1.3,5,11,1.29,5.68,14.23,1.3,5,11,,,,1.25,5.5,15,47,1.31,1.28,6,5.36,15,11.85,45,1.89,1.79,2.09,2,30,-1.5,1.89,1.85,2.1,2.02
I1,30/11/14,Milan,Udinese,2,0,H,0,0,D,18,6,6,0,8,10,7,0,0,2,1,1,1.62,3.75,6,1.62,3.7,5.5,1.65,3.6,5.1,1.6,3.8,5.75,1.61,4.06,6.61,1.62,3.6,6,,,,1.62,3.9,6.5,47,1.65,1.59,4.06,3.82,6.9,6.08,46,2.07,1.95,1.95,1.84,29,-1,2.1,2.04,1.88,1.83
I1,30/11/14,Palermo,Parma,2,1,H,1,1,D,15,14,4,5,18,17,9,2,1,1,1,1,1.85,3.6,4.5,1.91,3.3,4.1,2,3.3,3.6,1.9,3.4,4.2,1.87,3.61,4.79,1.91,3.4,4,,,,1.87,3.5,4.75,47,2,1.87,3.7,3.48,4.8,4.33,45,2.11,2.04,1.85,1.76,26,-0.5,1.92,1.84,2.09,2.03
I1,30/11/14,Roma,Inter,4,2,H,1,1,D,18,10,6,4,11,14,7,4,1,3,0,0,1.75,3.75,4.75,1.8,3.5,4.75,1.7,3.6,4.7,1.8,3.6,4.5,1.79,3.77,5.12,1.85,3.2,4.8,,,,1.8,3.6,5.2,47,1.85,1.79,3.77,3.55,5.2,4.71,46,2.07,1.99,1.94,1.81,26,-0.75,2.09,2.04,1.88,1.83
I1,01/12/14,Sampdoria,Napoli,1,1,D,0,0,D,14,14,3,2,18,20,10,6,3,2,0,1,3.3,3.4,2.2,3.2,3.2,2.25,3,3.2,2.3,3.4,3.25,2.2,3.73,3.42,2.18,3.5,3,2.25,,,,3.7,3.3,2.2,44,3.73,3.43,3.45,3.29,2.3,2.18,43,2.11,2.03,1.89,1.77,23,0.25,2.08,2.03,1.89,1.85
I1,05/12/14,Fiorentina,Juventus,0,0,D,0,0,D,9,10,1,3,11,17,4,5,2,3,0,0,3.8,3.4,2.05,3.7,3.25,2.1,3.6,3.3,2,3.6,3.3,2.1,3.89,3.35,2.15,3.5,3.3,2.1,,,,4,3.3,2.1,47,4.15,3.8,3.4,3.24,2.16,2.09,44,2.33,2.22,1.75,1.66,25,0.25,2.14,2.09,1.84,1.79
I1,06/12/14,Roma,Sassuolo,2,2,D,0,2,A,21,6,5,3,17,15,11,1,2,2,1,1,1.33,5.25,9,1.35,4.5,9.5,1.4,4.4,7.3,1.33,5,9.5,1.38,5.21,9.71,1.33,4.8,10,,,,1.36,5,11,47,1.4,1.35,5.6,4.96,12,9.31,44,1.76,1.68,2.28,2.17,27,-1.5,2.15,2.06,1.85,1.8
I1,06/12/14,Torino,Palermo,2,2,D,1,2,A,20,7,6,3,10,16,6,1,1,3,0,0,1.91,3.3,4.5,1.95,3.2,4.1,2,3.3,3.6,1.9,3.3,4.33,1.93,3.37,4.87,1.95,3.1,4.33,,,,1.92,3.3,4.75,47,2,1.9,3.5,3.3,4.87,4.45,43,2.43,2.27,1.7,1.62,26,-0.5,1.92,1.89,2.02,1.98
I1,07/12/14,Atalanta,Cesena,3,2,H,1,2,A,20,8,6,3,23,27,4,3,3,5,0,0,1.62,3.6,6.5,1.67,3.4,5.5,1.7,3.6,4.7,1.66,3.5,6,1.67,3.67,6.81,1.67,3.4,6,,,,1.62,3.6,7.5,47,1.7,1.64,3.75,3.56,7.5,6.18,44,2.38,2.26,1.74,1.63,27,-1,2.25,2.16,1.79,1.72
I1,07/12/14,Genoa,Milan,1,0,H,1,0,H,13,15,4,6,16,13,12,10,3,2,0,0,3.1,3.25,2.4,2.8,3.2,2.5,2.9,3.3,2.3,3,3.25,2.4,3.14,3.26,2.53,2.9,3.1,2.5,,,,3.12,3.2,2.55,47,3.2,3,3.3,3.21,2.56,2.44,45,2.16,2.07,1.83,1.75,26,0.25,1.81,1.78,2.15,2.11
I1,07/12/14,Inter,Udinese,1,2,A,1,0,H,16,16,2,6,11,8,9,4,2,1,0,0,1.5,4,7.5,1.53,3.9,6.25,1.57,3.8,5.5,1.5,4,7,1.51,4.33,7.87,1.53,3.75,7,,,,1.5,4,8.5,47,1.57,1.49,4.45,4.05,8.5,7.3,46,2.02,1.91,1.97,1.88,30,-1,1.87,1.81,2.12,2.06
I1,07/12/14,Napoli,Empoli,2,2,D,0,1,A,20,10,10,4,14,15,9,2,2,2,0,0,1.33,5,10,1.33,4.75,9.5,1.35,4.8,7.6,1.33,5,9.5,1.31,5.52,12.77,1.33,4.5,11,,,,1.3,5.25,12,47,1.36,1.31,5.52,5.13,13,10.51,42,1.72,1.65,2.35,2.2,30,-1.5,2.02,1.95,1.95,1.91
I1,07/12/14,Parma,Lazio,1,2,A,1,1,D,8,15,1,5,16,26,1,3,4,4,0,0,3.6,3.4,2.1,3.4,3.2,2.15,3.3,3.3,2.1,3.6,3.3,2.1,3.75,3.47,2.15,3.5,1.2,2.15,,,,3.75,3.4,2.15,45,3.76,3.56,3.5,3.24,2.18,2.12,45,2.06,1.94,1.93,1.85,25,0.25,2.08,2.04,1.88,1.84
I1,08/12/14,Cagliari,Chievo,0,2,A,0,2,A,10,10,1,5,20,26,6,3,6,3,0,0,1.85,3.6,4.33,1.91,3.4,4,1.85,3.45,4,1.85,3.6,4.2,1.91,3.63,4.55,1.91,3.2,4.33,,,,1.91,3.6,4.5,47,1.96,1.89,3.7,3.5,4.8,4.23,46,1.92,1.85,2.03,1.95,26,-0.5,1.95,1.9,2.02,1.96
I1,08/12/14,Verona,Sampdoria,1,3,A,1,1,D,15,13,6,7,16,17,10,4,2,3,1,0,2.7,3.25,2.7,2.7,2.95,2.75,2.4,3.3,2.75,2.7,3.2,2.7,2.78,3.28,2.81,2.7,3.1,2.7,,,,2.8,3.2,2.8,47,2.8,2.66,3.36,3.21,2.88,2.73,46,2.1,2,1.9,1.8,27,0,1.98,1.91,1.98,1.93
I1,13/12/14,Lazio,Atalanta,3,0,H,0,0,D,23,6,9,1,14,13,10,3,0,2,0,0,1.57,3.8,6.5,1.62,3.7,5.5,1.55,3.9,5.6,1.57,3.75,6.5,1.56,4.16,7.2,1.62,3.6,6,,,,1.6,3.9,7,44,1.62,1.57,4.15,3.85,7.21,6.42,42,2.05,1.97,1.9,1.83,29,-1,2.08,1.99,1.92,1.87
I1,13/12/14,Palermo,Sassuolo,2,1,H,1,0,H,13,14,4,7,17,8,5,4,1,3,0,2,2.05,3.5,3.6,2.05,3.2,3.75,2.05,3.2,3.6,2.05,3.4,3.7,2.06,3.5,4.04,2.05,3.2,3.75,,,,2.05,3.4,3.9,45,2.09,2.02,3.6,3.39,4.05,3.77,43,2.09,2.01,1.87,1.79,26,-0.5,2.05,2.01,1.9,1.86
I1,14/12/14,Cesena,Fiorentina,1,4,A,0,1,A,5,15,0,6,17,13,3,5,2,1,1,0,7.5,3.8,1.53,6.5,3.8,1.53,5.6,3.9,1.55,7,3.8,1.53,8.01,4.04,1.54,7,3.75,1.53,,,,8.5,3.9,1.53,45,8.5,7.12,4.15,3.89,1.56,1.52,43,2.28,2.18,1.8,1.67,30,1,2,1.93,1.98,1.93
I1,14/12/14,Genoa,Roma,0,1,A,0,1,A,7,19,1,6,7,14,5,6,2,3,1,0,3.6,3.5,2.05,3.75,3.2,2.05,3.2,3.2,2.2,3.8,3.4,2,4.14,3.49,2.03,3.6,3.4,2.05,,,,4.1,3.4,2.05,45,4.14,3.83,3.6,3.35,2.2,2.02,43,2.16,2.06,1.85,1.75,26,0.5,1.9,1.86,2.05,2.01
I1,14/12/14,Juventus,Sampdoria,1,1,D,1,0,H,19,10,8,3,18,11,8,4,2,5,0,0,1.36,4.75,9,1.34,4.75,8.75,1.35,4.8,7.6,1.33,5,9.5,1.33,5.33,12.3,1.33,4.5,11,,,,1.33,5,12,45,1.36,1.32,5.5,4.98,12.3,10.46,44,1.92,1.84,2.08,1.95,30,-1.5,2.02,1.98,1.94,1.88
I1,14/12/14,Milan,Napoli,2,0,H,1,0,H,11,14,3,7,12,17,3,5,3,2,0,0,2.8,3.4,2.5,2.7,3.3,2.65,2.5,3.2,2.75,2.7,3.3,2.7,2.85,3.47,2.63,2.7,3.2,2.62,,,,2.88,3.4,2.62,43,2.92,2.73,3.47,3.3,2.75,2.58,42,1.9,1.82,2.08,1.97,26,0,2.06,1.99,1.88,1.85
I1,14/12/14,Parma,Cagliari,0,0,D,0,0,D,6,12,0,3,22,20,4,3,4,4,0,0,2.25,3.5,3.1,2.3,3.2,3.1,2.2,3.3,3.1,2.25,3.5,3.1,2.27,3.48,3.43,2.3,3.2,3.2,,,,2.3,3.4,3.4,45,2.34,2.25,3.5,3.35,3.43,3.21,43,1.81,1.73,2.24,2.09,26,-0.25,2,1.94,1.98,1.92
I1,14/12/14,Udinese,Verona,1,2,A,1,1,D,13,9,6,4,13,10,1,6,2,5,0,0,1.95,3.6,3.8,2,3.2,3.9,1.9,3.45,3.8,1.9,3.5,4,1.97,3.59,4.28,2,3.2,4,,,,2,3.4,4.33,45,2.01,1.95,3.6,3.43,4.4,4,44,2.01,1.92,1.96,1.88,26,-0.5,1.98,1.95,1.97,1.92
I1,15/12/14,Chievo,Inter,0,2,A,0,1,A,8,18,3,8,15,23,7,12,4,1,1,0,4.2,3.4,1.95,3.6,3.4,2,3.8,3.45,1.9,4.2,3.4,1.9,4.53,3.39,1.98,4,3.2,2,,,,4.75,3.3,1.95,42,4.75,4.21,3.5,3.31,2,1.94,39,2.35,2.2,1.72,1.65,24,0.5,1.98,1.93,1.98,1.94
I1,15/12/14,Empoli,Torino,0,0,D,0,0,D,17,10,3,3,13,17,10,2,2,3,0,1,2.4,3.1,3.2,2.4,3.2,2.95,2.3,3.2,3,2.3,3.2,3.2,2.39,3.32,3.34,2.4,3,3.2,,,,2.4,3.2,3.4,42,2.45,2.38,3.32,3.15,3.4,3.15,40,2.34,2.21,1.74,1.65,24,-0.25,2.08,2.02,1.91,1.85
I1,18/12/14,Cagliari,Juventus,1,3,A,0,2,A,16,13,2,7,16,7,8,7,4,0,0,0,8,4.5,1.4,7.5,4.33,1.42,7.3,4.4,1.4,8,4.5,1.4,9.36,4.8,1.42,8,4.5,1.4,,,,9.5,4.6,1.4,46,9.6,8.31,5,4.48,1.45,1.41,41,1.8,1.71,2.2,2.1,25,1.25,1.92,1.88,2.04,1.98
I1,18/12/14,Napoli,Parma,2,0,H,2,0,H,18,3,7,0,11,17,3,2,1,4,0,0,1.33,5,9,1.36,4.5,8.75,1.35,4.8,7.6,1.33,5,9,1.31,5.64,12.3,1.3,5,11,,,,1.33,5,11,46,1.37,1.33,5.64,5.01,12.3,9.79,37,1.73,1.64,2.38,2.23,29,-1.5,2.07,1.98,1.95,1.88
I1,20/12/14,Roma,Milan,0,0,D,0,0,D,16,9,5,7,17,21,10,2,4,2,0,1,1.75,3.8,4.75,1.8,3.65,4.5,1.85,3.45,4,1.72,3.75,4.75,1.78,3.87,5.03,1.8,3.5,4.5,,,,1.8,3.75,5,45,1.85,1.76,3.95,3.66,5.03,4.7,43,1.95,1.85,2.08,1.94,26,-0.75,2.03,1.99,1.92,1.88
I1,20/12/14,Sassuolo,Cesena,1,1,D,0,0,D,17,6,9,2,15,17,12,6,4,1,0,0,1.53,4,7,1.57,3.7,6.25,1.6,3.6,5.6,1.57,3.75,6.5,1.54,4.16,7.66,1.57,3.8,6,,,,1.57,3.9,7.5,45,1.6,1.53,4.2,3.9,7.66,6.86,43,2.06,1.98,1.9,1.81,30,-1,1.94,1.91,2.02,1.95
I1,21/12/14,Atalanta,Palermo,3,3,D,1,3,A,13,15,5,5,20,17,3,6,5,2,0,0,2.3,3.2,3.3,2.4,3,3.1,2.3,3.2,3,2.3,3.2,3.25,2.41,3.29,3.32,2.4,3.1,3.1,,,,2.45,3.12,3.4,45,2.45,2.34,3.4,3.18,3.45,3.21,39,2.31,2.21,1.75,1.65,26,-0.25,2.06,2.01,1.89,1.86
I1,21/12/14,Fiorentina,Empoli,1,1,D,1,0,H,18,9,6,4,11,16,11,3,3,4,0,0,1.45,4.2,8,1.53,4,6,1.5,4,6.1,1.53,4,6.5,1.53,4.37,7.35,1.53,4,6,,,,1.53,4,7.5,45,1.6,1.51,4.4,4.09,8,6.8,43,1.87,1.79,2.09,2.01,30,-1,1.91,1.87,2.12,2
I1,21/12/14,Inter,Lazio,2,2,D,0,2,A,16,5,6,2,7,14,9,0,1,4,0,0,2.15,3.4,3.5,2.15,3.3,3.3,2.2,3.3,3.1,2.05,3.4,3.6,2.16,3.48,3.7,2.15,3.1,3.6,,,,2.15,3.4,3.75,44,2.2,2.13,3.48,3.33,3.85,3.56,42,2.05,1.97,1.94,1.82,23,-0.5,2.17,2.13,1.79,1.75
I1,21/12/14,Sampdoria,Udinese,2,2,D,1,2,A,20,8,5,4,14,23,13,5,3,4,0,1,1.85,3.5,4.5,1.91,3.3,4.1,1.9,3.35,3.9,1.85,3.4,4.5,1.88,3.57,4.82,1.91,3.1,4.5,,,,1.9,3.4,4.75,45,1.92,1.86,3.6,3.39,4.95,4.54,42,2.26,2.14,1.76,1.69,26,-0.5,1.88,1.85,2.07,2.02
I1,21/12/14,Torino,Genoa,2,1,H,0,1,A,10,12,4,4,24,19,3,4,1,4,0,0,2,3.3,3.8,2.05,3.2,3.7,2.2,3.2,3.2,2.05,3.25,3.75,2.04,3.36,4.31,2.05,3.1,4,,,,2.05,3.25,4.2,45,2.2,2.03,3.4,3.26,4.31,3.92,39,2.38,2.29,1.72,1.61,26,-0.5,2.05,2.01,1.9,1.86
I1,21/12/14,Verona,Chievo,0,1,A,0,0,D,12,10,1,4,15,16,6,4,3,2,0,0,2.38,3.2,3.2,2.4,3.1,3,2.3,3.2,3,2.25,3.25,3.25,2.41,3.36,3.26,2.4,3.1,3.1,,,,2.38,3.25,3.4,45,2.41,2.32,3.4,3.21,3.4,3.22,42,2.14,2.05,1.85,1.76,26,-0.25,2.07,2,1.9,1.87
I1,05/01/15,Lazio,Sampdoria,3,0,H,2,0,H,21,2,8,1,20,9,12,1,2,2,0,0,1.85,3.4,4.33,1.91,3.2,4.2,1.85,3.45,4,1.85,3.4,4.5,1.86,3.51,5.02,1.91,3.2,4.33,,,,1.87,3.4,4.75,45,1.95,1.87,3.6,3.35,5.02,4.49,44,2.26,2.14,1.78,1.7,26,-0.5,1.9,1.86,2.08,2
I1,06/01/15,Cesena,Napoli,1,4,A,0,2,A,10,16,3,6,7,14,2,6,2,2,0,0,9.5,4.75,1.36,7.5,5,1.36,6.8,4.6,1.4,9.5,4.8,1.36,10.26,5.01,1.37,9,4.6,1.36,,,,11,4.8,1.33,47,12,9.79,5.3,4.8,1.4,1.35,46,1.87,1.79,2.1,2.02,29,1.5,1.87,1.8,2.13,2.06
I1,06/01/15,Chievo,Torino,0,0,D,0,0,D,18,8,6,3,18,17,9,0,2,3,0,0,3.1,3.1,2.5,2.7,3.1,2.65,2.6,3.2,2.6,3,3,2.62,3.09,3.12,2.66,3,2.9,2.6,,,,3.2,2.9,2.7,47,3.2,3,3.2,3.02,2.75,2.59,40,2.7,2.55,1.58,1.5,29,0,2.13,2.07,1.84,1.78
I1,06/01/15,Empoli,Verona,0,0,D,0,0,D,19,10,5,5,17,20,11,1,0,3,1,1,1.91,3.5,4.2,1.91,3.3,4.1,2.1,3.2,3.4,1.91,3.4,4.33,1.92,3.63,4.48,1.91,3.5,4,,,,1.93,3.5,4.5,47,2.1,1.91,3.65,3.45,4.5,4.22,46,1.97,1.91,1.97,1.88,27,-0.5,1.93,1.89,2.04,1.97
I1,06/01/15,Genoa,Atalanta,2,2,D,0,1,A,17,7,7,6,13,14,12,2,4,4,0,0,1.95,3.3,4.33,1.95,3.2,4.1,1.9,3.3,4,1.91,3.3,4.5,1.93,3.38,4.85,1.91,3.2,4.33,,,,1.95,3.3,4.75,47,1.98,1.92,3.5,3.3,4.85,4.4,44,2.5,2.31,1.67,1.6,27,-0.5,1.94,1.91,2.01,1.95
I1,06/01/15,Juventus,Inter,1,1,D,1,0,H,11,13,5,2,10,12,11,3,2,5,0,1,1.44,4.33,8,1.44,4.33,8,1.5,4,6.1,1.44,4.33,8,1.42,4.7,9.74,1.44,4.33,7.5,,,,1.44,4.4,9.5,47,1.5,1.42,4.7,4.37,9.75,8.53,46,1.92,1.85,2.05,1.94,29,-1,1.72,1.67,2.34,2.25
I1,06/01/15,Milan,Sassuolo,1,2,A,1,1,D,13,8,4,2,19,17,9,1,3,3,0,0,1.62,3.8,6,1.62,3.7,5.5,1.6,3.7,5.4,1.62,3.9,5.5,1.63,4.07,6.17,1.61,3.6,6,,,,1.65,3.75,6.5,47,1.65,1.6,4.07,3.82,6.6,6.03,46,2.1,1.99,1.91,1.81,28,-1,2.16,2.08,1.86,1.78
I1,06/01/15,Palermo,Cagliari,5,0,H,3,0,H,16,11,7,2,16,17,7,1,3,3,0,1,1.95,3.5,4,1.95,3.4,3.8,1.9,3.3,4,1.91,3.5,4.2,2.01,3.65,4.01,2,3.25,4,,,,2,3.5,4.2,47,2.04,1.97,3.65,3.44,4.28,3.96,46,2.02,1.93,1.94,1.86,27,-0.5,2.03,1.98,1.92,1.88
I1,06/01/15,Parma,Fiorentina,1,0,H,1,0,H,6,17,2,7,20,15,3,2,6,1,0,2,4,3.5,1.95,4,3.25,1.95,3.9,3.35,1.9,4,3.4,2,4.01,3.59,2.03,4,3.25,2,,,,4.2,3.3,2.05,47,4.2,3.93,3.6,3.41,2.05,1.99,46,2.09,2,1.9,1.8,27,0.5,1.92,1.87,2.04,1.99
I1,06/01/15,Udinese,Roma,0,1,A,0,1,A,8,13,2,7,12,16,5,4,1,5,0,0,4.2,3.5,1.91,3.9,3.3,1.95,3.8,3.45,1.9,4.5,3.4,1.9,4.37,3.55,1.96,4.2,3.25,1.95,,,,4.6,3.4,1.95,47,4.8,4.28,3.55,3.39,1.98,1.92,46,2.14,2.04,1.86,1.77,26,0.75,1.75,1.71,2.27,2.19
I1,10/01/15,Sassuolo,Udinese,1,1,D,1,1,D,18,6,2,3,13,22,10,4,3,2,0,0,2.05,3.2,4,2.2,3.3,3.7,2.15,3.2,3.3,2.1,3.25,3.6,2.08,3.38,4.11,2.15,3.1,3.6,,,,2.05,3.3,4.2,46,2.15,2.07,3.4,3.25,4.2,3.77,44,2.22,2.11,1.79,1.71,27,-0.5,2.1,2.04,1.87,1.82
I1,10/01/15,Torino,Milan,1,1,D,0,1,A,26,8,5,1,15,15,9,0,1,3,0,1,2.63,3.2,2.7,2.8,3.2,2.8,2.75,3.2,2.5,2.75,3.2,2.6,2.8,3.11,2.93,2.8,3.1,2.62,,,,2.8,3.1,2.9,46,2.88,2.72,3.25,3.12,2.93,2.71,44,2.32,2.18,1.76,1.67,29,0,1.96,1.91,2.01,1.93
I1,11/01/15,Atalanta,Chievo,1,1,D,0,0,D,16,11,6,4,13,20,9,7,3,0,1,0,2.05,3.2,4,2.25,3.2,3.7,2.1,3.2,3.4,2.1,3.2,3.75,2.18,3.11,4.16,2.15,3.1,3.6,,,,2.2,3.12,4,46,2.18,2.12,3.3,3.13,4.2,3.79,35,2.69,2.49,1.6,1.51,26,-0.25,1.86,1.8,2.13,2.05
I1,11/01/15,Cagliari,Cesena,2,1,H,2,0,H,9,16,6,5,20,17,4,11,1,3,0,0,1.67,3.75,5.5,1.72,3.9,5.25,1.65,3.6,5.1,1.66,3.6,5.5,1.64,3.97,6.39,1.67,3.6,5.5,,,,1.65,3.9,6,46,1.7,1.64,4,3.71,6.5,5.64,45,2.06,1.97,1.91,1.82,29,-1,2.2,2.12,1.83,1.76
I1,11/01/15,Fiorentina,Palermo,4,3,H,1,0,H,22,7,8,5,10,12,7,3,4,2,0,0,1.73,3.75,4.75,1.8,3.8,4.75,1.85,3.45,4,1.72,3.6,5,1.71,3.88,5.57,1.75,3.4,5,,,,1.7,3.8,5.75,46,1.85,1.7,3.9,3.67,5.75,5.08,45,2.02,1.93,1.96,1.86,26,-1,2.34,2.25,1.72,1.66
I1,11/01/15,Inter,Genoa,3,1,H,2,0,H,16,13,7,6,18,13,5,5,1,2,0,0,1.62,3.8,6,1.7,3.9,5.5,1.65,3.6,5.1,1.61,3.75,5.5,1.61,4.06,6.55,1.67,3.4,6,,,,1.67,3.7,6.5,46,1.67,1.62,4.05,3.71,6.55,5.88,45,2.05,1.97,1.95,1.82,30,-1,2.18,2.09,1.84,1.78
I1,11/01/15,Napoli,Juventus,1,3,A,0,1,A,10,8,2,5,14,12,9,2,4,2,0,0,2.9,3.25,2.5,2.9,3.3,2.6,2.75,3.3,2.4,2.9,3.3,2.4,3.07,3.25,2.59,2.8,3.1,2.62,,,,3,3.2,2.62,46,3.1,2.9,3.35,3.2,2.64,2.5,44,2.12,2.03,1.86,1.77,29,0,2.15,2.06,1.85,1.79
I1,11/01/15,Roma,Lazio,2,2,D,0,2,A,11,13,4,7,14,13,3,5,4,4,0,0,2.1,3.3,3.75,2.15,3.4,3.75,2.1,3.2,3.4,1.9,3.4,4,2.09,3.46,3.97,2.15,3.1,3.6,,,,2.1,3.3,4,45,2.15,2.07,3.46,3.28,4,3.71,44,2.1,2.01,1.88,1.79,26,-0.5,2.12,2.06,1.86,1.8
I1,11/01/15,Sampdoria,Empoli,1,0,H,0,0,D,17,7,6,2,19,15,8,2,1,2,0,0,1.85,3.4,4.75,1.9,3.5,4.5,1.8,3.4,4.3,1.8,3.5,4.5,1.94,3.46,4.61,1.91,3.2,4.5,,,,1.91,3.4,4.8,46,1.94,1.88,3.55,3.38,4.85,4.41,44,2.25,2.15,1.76,1.69,27,-0.5,1.94,1.89,2.02,1.97
I1,11/01/15,Verona,Parma,3,1,H,1,0,H,11,9,6,2,13,12,2,4,1,0,0,0,2.38,3.25,3.1,2.45,3.2,3.2,2.3,3.1,3.1,2.25,3.3,3.2,2.37,3.43,3.25,2.4,3.1,3.1,,,,2.38,3.25,3.4,46,2.42,2.34,3.43,3.25,3.4,3.12,45,2.08,1.99,1.89,1.8,26,-0.25,2.06,2,1.9,1.86
I1,17/01/15,Empoli,Inter,0,0,D,0,0,D,18,8,5,1,12,15,10,3,1,2,0,0,3.5,3.25,2.2,3.2,3.3,2.2,3.2,3.2,2.2,3.75,3.25,2.1,3.73,3.34,2.21,3.5,3.1,2.2,,,,3.8,3.25,2.2,48,3.85,3.53,3.4,3.26,2.25,2.16,46,2.19,2.11,1.8,1.71,26,0.5,1.76,1.72,2.23,2.15
I1,17/01/15,Palermo,Roma,1,1,D,1,0,H,6,12,3,3,15,18,1,3,2,3,0,0,3.6,3.3,2.15,3.3,3.3,2.15,3.3,3.3,2.1,3.75,3.4,2.05,3.92,3.44,2.11,3.6,3.1,2.15,,,,4,3.4,2.1,48,4,3.64,3.5,3.35,2.16,2.08,47,2.09,1.99,1.9,1.81,27,0.5,1.85,1.8,2.15,2.07
I1,18/01/15,Cesena,Torino,2,3,A,1,2,A,13,8,4,4,22,17,1,1,5,5,0,0,4.75,3.3,1.85,4.1,3.3,1.91,3.8,3.45,1.9,4.5,3.25,1.9,5.14,3.36,1.89,4.5,3.2,1.91,,,,5,3.3,1.91,48,5.2,4.58,3.5,3.3,1.93,1.88,37,2.55,2.39,1.65,1.55,28,0.5,2.05,1.98,1.92,1.88
I1,18/01/15,Chievo,Fiorentina,1,2,A,0,1,A,18,21,7,6,17,13,4,10,2,1,0,0,4,3.3,2,3.8,3.25,2,3.6,3.3,2,4.2,3.25,2,4.35,3.36,2.03,4,3.1,2.05,,,,4.5,3.3,2,48,4.6,4.04,3.4,3.28,2.05,2,43,2.38,2.24,1.72,1.63,28,0.5,1.92,1.87,2.03,1.98
I1,18/01/15,Genoa,Sassuolo,3,3,D,1,1,D,13,15,7,9,16,22,4,5,1,4,0,0,2.3,3.2,3.3,2.4,3.2,2.9,2.2,3.15,3.25,2.2,3.25,3.4,2.39,3.21,3.45,2.4,3.1,3.1,,,,2.38,3.12,3.5,48,2.4,2.33,3.4,3.17,3.5,3.24,43,2.33,2.22,1.75,1.64,27,0,1.69,1.63,2.4,2.3
I1,18/01/15,Juventus,Verona,4,0,H,2,0,H,18,5,8,1,11,9,6,0,0,2,0,0,1.18,7,17,1.2,6.5,12.5,1.18,6.5,14,1.18,7,17,1.2,7.33,19.56,1.17,6.5,19,,,,1.17,7,22,46,1.22,1.18,8.2,7.05,22,16.43,36,1.6,1.53,2.62,2.44,32,-2,1.94,1.9,2.02,1.95
I1,18/01/15,Lazio,Napoli,0,1,A,0,1,A,21,9,3,5,10,15,5,2,3,3,0,0,2.5,3.2,3,2.5,3.2,2.95,2.4,3.3,2.75,2.5,3.25,2.9,2.59,3.42,2.93,2.62,3.1,2.8,,,,2.62,3.2,3,47,2.63,2.51,3.42,3.24,3,2.88,46,2.1,2.02,1.9,1.78,29,0,1.86,1.81,2.1,2.04
I1,18/01/15,Milan,Atalanta,0,1,A,0,1,A,15,15,4,5,10,17,11,4,2,5,0,0,1.53,4,7,1.57,3.9,5.75,1.55,3.9,5.6,1.53,4,7,1.56,4.17,7.07,1.57,3.6,7,,,,1.55,4.1,7.5,48,1.57,1.54,4.4,3.94,8,6.7,47,2.08,2.02,1.87,1.79,32,-1,2.03,1.96,2,1.89
I1,18/01/15,Parma,Sampdoria,0,2,A,0,0,D,8,14,1,5,15,12,3,2,2,1,0,0,2.6,3.1,2.88,2.65,3.1,2.7,2.6,3.2,2.6,2.6,3.2,2.8,2.67,3.24,2.96,2.7,3,2.8,,,,2.7,3.1,3,48,2.76,2.61,3.3,3.15,3,2.83,42,2.35,2.24,1.7,1.63,30,0,1.88,1.83,2.08,2.01
I1,18/01/15,Udinese,Cagliari,2,2,D,0,1,A,12,12,3,6,18,18,5,7,1,4,0,0,2.2,3.3,3.4,2.2,3.1,3.4,2,3.3,3.6,2.1,3.3,3.7,2.18,3.42,3.73,2.2,3.1,3.5,,,,2.2,3.3,3.75,48,2.22,2.14,3.45,3.28,3.81,3.56,47,2.03,1.94,1.96,1.85,27,-0.25,1.87,1.83,2.09,2.02
I1,24/01/15,Cagliari,Sassuolo,2,1,H,1,0,H,10,13,4,3,21,13,4,6,4,2,0,1,2.3,3.25,3.25,2.3,3.2,3.1,2.2,3.3,3.1,2.25,3.3,3.25,2.3,3.43,3.41,2.3,3.2,3.2,,,,2.3,3.3,3.5,51,2.4,2.25,3.45,3.3,3.58,3.25,50,2,1.93,1.94,1.86,27,-0.25,2.05,1.93,2.02,1.92
I1,24/01/15,Lazio,Milan,3,1,H,0,1,A,18,2,6,2,19,17,5,1,4,3,0,1,1.85,3.4,4.33,2,3.3,3.75,2.1,3.3,3.3,1.95,3.4,4,1.96,3.56,4.35,1.95,3.2,4.2,,,,1.95,3.4,4.5,50,2.1,1.93,3.58,3.4,4.6,4.13,49,2.2,2.06,1.85,1.75,27,-0.5,2,1.91,2.02,1.95
I1,25/01/15,Fiorentina,Roma,1,1,D,1,0,H,18,15,3,6,19,17,6,4,2,2,0,0,2.4,3.2,3.1,2.5,3.2,3.1,2.5,3.3,2.65,2.4,3.25,3,2.5,3.35,3.12,2.5,3,3.1,,,,2.45,3.25,3.25,51,2.53,2.45,3.35,3.22,3.25,2.98,49,2.12,2.04,1.87,1.76,28,0,1.8,1.73,2.25,2.12
I1,25/01/15,Inter,Torino,0,1,A,0,0,D,14,9,2,2,16,18,8,5,2,2,0,0,1.8,3.5,4.75,1.8,3.55,4.3,1.8,3.5,4.2,1.75,3.6,5,1.83,3.62,5.07,1.83,3.2,5,,,,1.83,3.5,5.25,51,1.85,1.79,3.75,3.48,5.5,4.83,49,2.22,2.1,1.8,1.72,27,-0.75,2.1,2.03,1.91,1.82
I1,25/01/15,Juventus,Chievo,2,0,H,0,0,D,29,8,8,1,19,14,9,1,2,4,0,0,1.17,7,19,1.15,6.75,19,1.15,7,15,1.15,7.5,19,1.16,8.25,26,1.14,7,26,,,,1.15,8,31,51,1.17,1.15,9.1,7.56,31,20.74,40,1.68,1.62,2.45,2.24,33,-2,1.91,1.84,2.14,2.01
I1,25/01/15,Parma,Cesena,1,2,A,0,1,A,18,10,2,5,26,19,5,3,4,3,0,0,1.62,3.6,6.5,1.65,3.6,5.4,1.6,3.7,5.4,1.61,3.75,6,1.62,3.92,6.68,1.67,3.4,6,,,,1.62,3.8,7,51,1.67,1.62,3.92,3.7,7,6.07,49,2.22,2.1,1.8,1.72,31,-1,2.19,2.12,1.82,1.75
I1,25/01/15,Sampdoria,Palermo,1,1,D,1,0,H,14,16,6,6,20,17,11,8,3,3,0,1,2,3.3,4,2.05,3.2,3.7,2.1,3.3,3.3,2,3.3,4,2.01,3.55,4.14,2.05,3.1,4,,,,2,3.4,4.3,51,2.1,2.01,3.55,3.37,4.33,3.87,49,2.18,2.06,1.83,1.74,26,-0.5,2.03,1.99,1.92,1.86
I1,25/01/15,Verona,Atalanta,1,0,H,0,0,D,17,16,6,3,10,14,0,3,2,2,0,0,2.5,3.2,3,2.5,3,2.95,2.6,3.2,2.6,2.4,3.2,3.1,2.54,3.25,3.13,2.5,3,3.1,,,,2.55,3.2,3.12,51,2.6,2.48,3.3,3.16,3.22,2.99,49,2.26,2.13,1.79,1.7,28,0,1.8,1.74,2.23,2.13
I1,26/01/15,Empoli,Udinese,1,2,A,1,1,D,17,10,4,3,14,17,6,4,2,2,0,1,2,3.3,3.8,2.05,3.2,3.7,2.1,3.3,3.3,2,3.25,4,2.01,3.41,4.38,2.05,3.1,4,,,,2,3.25,4.6,51,2.1,2,3.45,3.27,4.6,4.01,46,2.38,2.22,1.75,1.64,26,-0.5,2.04,1.99,1.92,1.87
I1,26/01/15,Napoli,Genoa,2,1,H,1,0,H,16,12,5,5,14,17,6,7,3,4,0,0,1.4,5,7.5,1.42,4.25,7.7,1.4,4.4,7.3,1.4,4.5,8.5,1.41,4.91,9.47,1.4,4.5,8,,,,1.36,5,10.5,51,1.43,1.39,5,4.64,10.5,8.41,46,1.75,1.69,2.26,2.14,29,-1.5,2.2,2.12,1.8,1.74
I1,31/01/15,Genoa,Fiorentina,1,1,D,1,0,H,14,9,4,5,19,17,8,3,1,1,1,0,3.4,3.4,2.15,3.2,3.2,2.25,3.2,3.2,2.2,3.3,3.3,2.2,3.55,3.43,2.24,3.4,3.1,2.25,,,,3.6,3.3,2.25,50,3.75,3.42,3.45,3.28,2.27,2.18,48,2.12,2.02,1.86,1.78,26,0.25,2.01,1.94,1.96,1.91
I1,31/01/15,Roma,Empoli,1,1,D,0,1,A,20,7,3,1,18,10,7,3,3,2,1,1,1.44,4.2,8.5,1.5,3.8,7,1.45,4,7,1.4,4.33,8.5,1.49,4.52,7.94,1.5,4,7,,,,1.45,4.5,9,50,1.5,1.45,4.8,4.29,9,7.54,49,1.92,1.84,2.06,1.94,30,-1,1.83,1.76,2.18,2.1
I1,01/02/15,Atalanta,Cagliari,2,1,H,1,1,D,14,13,6,6,10,13,13,4,2,2,0,0,2.2,3.2,3.5,2.25,3.1,3.3,2.2,3.2,3.2,2.15,3.3,3.5,2.21,3.4,3.64,2.25,3.1,3.4,,,,2.25,3.2,3.75,50,2.3,2.2,3.4,3.22,3.8,3.45,48,2.32,2.15,1.75,1.68,25,-0.25,1.94,1.88,2.04,1.97
I1,01/02/15,Cesena,Lazio,2,1,H,0,0,D,13,10,4,6,15,14,2,5,1,3,0,0,7.5,3.8,1.53,6,4,1.53,6.1,4,1.5,7,4,1.5,7.52,4.25,1.53,7,3.75,1.53,,,,8,4.2,1.5,49,8.4,6.97,4.33,4,1.56,1.51,48,2.03,1.95,1.95,1.84,30,1,2.04,1.95,1.96,1.9
I1,01/02/15,Chievo,Napoli,1,2,A,1,1,D,16,12,3,4,12,14,2,6,1,0,0,0,5.25,3.6,1.73,5,3.3,1.75,4.7,3.6,1.7,5.5,3.8,1.61,5.76,3.82,1.71,5.5,3.5,1.7,,,,5.75,3.7,1.73,50,5.8,5.33,3.8,3.59,1.76,1.7,48,2.18,2.06,1.85,1.75,28,1,1.72,1.64,2.43,2.29
I1,01/02/15,Milan,Parma,3,1,H,1,1,D,17,13,9,5,19,23,1,6,2,3,0,0,1.53,4,7,1.57,3.9,5.75,1.53,3.85,6,1.53,4,6.5,1.55,4.25,7.17,1.55,4,6,,,,1.53,4.2,7.5,48,1.59,1.54,4.23,3.97,7.9,6.53,48,2,1.91,1.96,1.88,31,-1,2,1.93,1.98,1.92
I1,01/02/15,Palermo,Verona,2,1,H,1,1,D,14,11,5,4,16,12,10,4,1,2,0,0,1.8,3.5,4.75,1.83,3.6,4,1.8,3.5,4.2,1.8,3.6,4.5,1.8,3.82,4.93,1.83,3.4,4.5,,,,1.8,3.7,5,50,1.85,1.79,3.87,3.59,5,4.6,49,1.91,1.83,2.06,1.96,27,-1,2.48,2.38,1.65,1.59
I1,01/02/15,Sassuolo,Inter,3,1,H,2,0,H,10,15,4,4,15,14,5,8,3,4,1,1,3.1,3.3,2.38,2.95,3.2,2.4,2.85,3.2,2.4,3.1,3.3,2.3,3.26,3.35,2.41,3.1,3.1,2.4,,,,3.4,3.2,2.4,50,3.4,3.15,3.38,3.21,2.45,2.34,48,2.18,2.09,1.8,1.72,26,0.25,1.92,1.85,2.06,2
I1,01/02/15,Torino,Sampdoria,5,1,H,2,0,H,18,12,9,1,12,20,4,7,1,2,0,0,2.05,3.1,4.2,2.15,3.1,3.5,2.1,3.2,3.4,2.15,3.2,3.6,2.1,3.29,4.16,2.15,3,3.8,,,,2.2,3,4.2,50,2.2,2.09,3.35,3.16,4.24,3.84,39,2.54,2.39,1.61,1.55,27,-0.5,2.12,2.07,1.86,1.8
I1,01/02/15,Udinese,Juventus,0,0,D,0,0,D,11,13,2,2,13,16,5,9,2,1,0,0,8,4.33,1.44,7.25,4.1,1.45,7,4,1.45,7.5,4.33,1.44,9.15,4.48,1.45,8,4.2,1.44,,,,9,4.4,1.45,50,9.5,8.28,4.6,4.29,1.5,1.43,49,2.12,2.01,1.85,1.79,30,1,2.26,2.16,1.77,1.71
I1,07/02/15,Juventus,Milan,3,1,H,2,1,H,20,11,8,3,20,14,7,6,2,1,0,0,1.33,5,10,1.36,4.75,8,1.4,4.4,7.3,1.33,5,10,1.37,5.05,11.09,1.36,4.5,10,,,,1.36,4.8,11.5,51,1.4,1.34,5.2,4.82,11.5,9.81,50,1.91,1.82,2.06,1.97,33,-1.5,2.12,2.01,1.9,1.83
I1,07/02/15,Verona,Torino,1,3,A,0,1,A,17,13,5,5,15,16,8,4,1,3,0,0,3.1,3.1,2.5,2.85,3.1,2.5,2.75,3.3,2.4,2.87,3.25,2.5,3.11,3.27,2.55,3,3.1,2.5,,,,3.2,3.2,2.5,51,3.2,2.96,3.4,3.2,2.6,2.46,49,2.23,2.12,1.8,1.7,28,0,2.26,2.14,1.78,1.71
I1,08/02/15,Cagliari,Roma,1,2,A,0,1,A,17,11,6,6,10,13,5,6,2,3,0,0,4,3.4,2,3.75,3.25,2,3.6,3.3,2,4.2,3.5,1.9,4.2,3.49,2.02,3.75,3.2,2.1,,,,4.2,3.3,2.05,51,4.33,3.91,3.5,3.35,2.1,2,50,2.12,2.01,1.85,1.78,28,0.5,1.92,1.85,2.05,1.99
I1,08/02/15,Empoli,Cesena,2,0,H,1,0,H,14,10,5,2,14,22,4,3,2,4,0,0,1.53,4,7,1.57,3.75,6,1.5,4,6.1,1.57,3.8,6.5,1.55,4.05,7.79,1.57,3.8,6,,,,1.55,4,7.5,51,1.57,1.53,4.33,3.9,7.91,6.93,49,2.28,2.16,1.75,1.68,33,-1,2.02,1.92,2,1.91
I1,08/02/15,Fiorentina,Atalanta,3,2,H,1,1,D,18,12,8,4,11,19,7,7,1,1,0,0,1.5,4.2,7,1.5,3.9,6.75,1.47,4,6.6,1.5,4,7,1.49,4.4,8.12,1.5,3.75,8,,,,1.5,4.33,8,51,1.53,1.48,4.5,4.11,8.4,7.28,50,2.04,1.92,1.94,1.87,33,-1,1.88,1.81,2.12,2.02
I1,08/02/15,Inter,Palermo,3,0,H,1,0,H,17,8,5,1,19,16,8,3,2,3,0,0,1.8,3.5,4.75,1.8,3.5,4.33,1.8,3.5,4.2,1.8,3.6,4.5,1.78,3.86,4.99,1.83,3.4,4.5,,,,1.8,3.7,5,51,1.85,1.77,3.86,3.61,5,4.68,50,1.98,1.9,1.99,1.88,27,-0.75,2.04,1.99,1.92,1.86
I1,08/02/15,Napoli,Udinese,3,1,H,2,1,H,10,11,4,3,11,14,1,7,2,4,0,0,1.36,5,8.5,1.36,4.75,8,1.35,4.8,7.6,1.35,5,9,1.37,5.27,9.82,1.4,4.5,8,,,,1.33,5.25,11,51,1.4,1.36,5.27,4.88,11,8.9,49,1.76,1.68,2.26,2.14,33,-1.5,2.14,2.04,1.86,1.8
I1,08/02/15,Sampdoria,Sassuolo,1,1,D,1,1,D,10,19,5,4,29,20,4,5,4,5,0,0,1.8,3.5,4.75,1.8,3.4,4.5,1.75,3.5,4.5,1.8,3.5,4.75,1.81,3.6,5.33,1.8,3.3,5,,,,1.8,3.5,5.5,51,1.83,1.77,3.7,3.47,5.5,4.96,47,2.35,2.21,1.74,1.65,26,-0.5,1.8,1.76,2.17,2.09
I1,09/02/15,Lazio,Genoa,0,1,A,0,1,A,7,9,1,5,27,12,4,1,4,5,1,0,1.57,4,6,1.57,3.75,6,,,,1.53,4,6.5,1.58,4.21,6.67,1.57,3.8,6,,,,1.57,4.1,7,47,1.62,1.56,4.2,3.95,7.3,6.17,47,1.96,1.87,2,1.91,30,-1,2.08,1.98,1.94,1.86
I1,11/02/15,Parma,Chievo,0,1,A,0,0,D,10,14,2,3,29,21,3,5,3,3,1,0,2.6,3.1,2.9,2.6,3,2.85,2.5,3.2,2.75,2.5,3.1,2.9,2.63,3.29,2.98,2.45,3.1,3,,,,2.63,3,3,43,2.7,2.55,3.29,3.14,3,2.91,40,2.48,2.36,1.64,1.57,22,0,1.85,1.8,2.12,2.05
