Div,Date,HomeTeam,AwayTeam,FTHG,FTAG,FTR,HTHG,HTAG,HTR,B365H,B365D,B365A,BWH,BWD,BWA,IWH,IWD,IWA,LBH,LBD,LBA,PSH,PSD,PSA,WHH,WHD,WHA,SJH,SJD,SJA,VCH,VCD,VCA,Bb1X2,BbMxH,BbAvH,BbMxD,BbAvD,BbMxA,BbAvA,BbOU,BbMx>2.5,BbAv>2.5,BbMx<2.5,BbAv<2.5,BbAH,BbAHh,BbMxAHH,BbAvAHH,BbMxAHA,BbAvAHA
T1,29/08/14,Balikesirspor,Akhisar Belediyespor,1,2,A,1,1,D,2.38,3.2,3,2.25,3.2,3.1,2.1,3.2,3.1,2.15,3.1,3.25,2.45,3.2,3.28,,,,,,,2.25,3.25,3.2,49,2.46,2.25,3.4,3.16,3.6,3.16,44,2.25,2.11,1.76,1.69,23,-0.25,1.99,1.93,1.94,1.9
T1,29/08/14,Rizespor,Genclerbirligi,1,1,D,0,1,A,2.1,3.2,3.6,2.2,3.1,3.3,2.2,3.2,2.9,2.2,3,3.3,2.26,3.35,3.53,2.15,3.2,3.2,,,,2.2,3.3,3.25,49,2.25,2.17,3.4,3.24,3.7,3.3,44,2.19,2.07,1.8,1.73,23,-0.25,1.91,1.87,2.03,1.96
T1,30/08/14,Bursaspor,Galatasaray,0,2,A,0,0,D,3.8,3.5,1.95,3.6,3.4,1.95,3.3,3.2,2,3.6,3,1.9,4.15,3.49,1.99,3.75,3.3,1.91,,,,3.9,3.4,1.95,47,4.1,3.77,3.5,3.35,2.01,1.95,42,2.12,2.01,1.86,1.77,21,0.5,1.93,1.87,2.06,1.96
T1,30/08/14,Buyuksehyr,Kasimpasa,1,1,D,1,1,D,2.63,3.3,2.63,2.6,3.2,2.6,2.5,3.1,2.6,2.62,3.25,2.5,2.75,3.37,2.7,2.6,3.1,2.6,,,,2.62,3.3,2.62,42,2.75,2.6,3.37,3.18,2.8,2.63,38,2.07,1.97,1.89,1.79,19,0,1.98,1.9,1.97,1.92
T1,30/08/14,Eskisehirspor,Konyaspor,2,1,H,0,1,A,2.2,3.3,3.3,2.05,3.25,3.5,2,3.2,3.3,2.1,3.1,3.4,2.16,3.4,3.66,2.05,3.25,3.4,,,,2.1,3.3,3.5,46,2.2,2.11,3.45,3.22,3.8,3.43,40,2.22,2.12,1.75,1.68,19,-0.25,1.88,1.83,2.09,2
T1,30/08/14,Mersin Idman Yurdu,Besiktas,0,1,A,0,1,A,4,3.6,1.85,3.9,3.6,1.83,3.8,3.2,1.85,3.7,3.3,1.9,4.13,3.52,1.98,3.6,3.3,2,,,,3.8,3.5,1.95,47,4,3.73,3.6,3.35,2.05,1.96,43,2.08,1.98,1.88,1.79,18,0.5,1.91,1.85,2.05,1.99
T1,31/08/14,Erciyesspor,Trabzonspor,0,0,D,0,0,D,2.63,3.3,2.6,2.7,3.25,2.5,2.65,3.2,2.4,2.65,3,2.35,2.77,3.3,2.73,2.7,3.2,2.45,,,,2.7,3.25,2.6,46,2.88,2.7,3.4,3.19,2.74,2.55,40,2.21,2.09,1.8,1.7,23,0,2.02,1.95,1.94,1.88
T1,31/08/14,Fenerbahce,Karabukspor,3,2,H,1,1,D,1.44,4.2,7.5,1.45,4,7,1.4,4,6.5,1.44,4,7,1.5,4.46,7.27,1.44,4.2,6.5,,,,1.45,4.3,7,47,1.5,1.44,4.6,4.18,8.2,6.94,38,1.8,1.72,2.2,2.06,19,-1,1.83,1.76,2.14,2.07
T1,31/08/14,Sivasspor,Gaziantepspor,1,2,A,0,0,D,1.91,3.4,4,1.95,3.4,3.7,1.9,3.2,3.6,1.9,3.3,3.9,2,3.6,3.94,1.95,3.4,3.5,,,,1.95,3.4,3.9,47,2,1.94,3.6,3.4,4.1,3.74,42,1.92,1.84,2.02,1.93,21,-0.5,2.01,1.95,1.94,1.88
T1,13/09/14,Galatasaray,Eskisehirspor,0,0,D,0,0,D,1.57,3.8,6,1.57,3.9,5.5,1.5,3.8,5.5,1.55,3.6,5.75,1.59,4.15,6.22,1.57,3.8,5.5,1.57,3.8,5.8,1.57,3.9,6.25,43,1.6,1.54,4.15,3.84,6.8,6.02,41,1.9,1.83,2.06,1.94,26,-1,2.04,1.95,1.91,1.86
T1,13/09/14,Genclerbirligi,Bursaspor,1,2,A,1,0,H,2.6,3.2,2.7,2.55,3.3,2.6,2.5,3.1,2.6,2.55,3,2.75,2.58,3.32,2.93,2.6,3.2,2.62,2.5,3.13,2.88,2.55,3.2,2.9,43,2.7,2.55,3.32,3.16,2.95,2.74,39,2.25,2.16,1.75,1.66,24,0,1.85,1.81,2.09,2
T1,13/09/14,Karabukspor,Buyuksehyr,0,0,D,0,0,D,2,3.4,3.75,2.1,3.4,3.25,2,3.2,3.3,2.05,3.1,3.6,2.08,3.46,3.86,2.05,3.25,3.5,,,,2.1,3.4,3.6,41,2.12,2.05,3.5,3.3,3.9,3.51,38,2.21,2.09,1.76,1.71,19,-0.25,1.82,1.78,2.17,2.06
T1,13/09/14,Konyaspor,Balikesirspor,2,0,H,1,0,H,1.8,3.5,4.5,1.91,3.4,3.75,1.85,3.2,3.8,1.9,3.1,4.1,1.88,3.55,4.64,1.91,3.25,4,1.73,3.5,4.8,1.85,3.5,4.5,43,1.98,1.87,3.6,3.38,4.75,4.14,38,2.25,2.16,1.75,1.65,22,-0.5,1.93,1.86,2.04,1.96
T1,14/09/14,Gaziantepspor,Erciyesspor,2,2,D,0,2,A,2.3,3.25,3.1,2.3,3.3,2.95,2.2,3.1,3,2.3,3,3.1,2.36,3.33,3.28,2.3,3.1,3.1,2.3,3.3,3,2.3,3.25,3.2,43,2.4,2.29,3.4,3.19,3.4,3.09,35,2.3,2.18,1.71,1.65,22,-0.25,2.05,1.98,1.92,1.85
T1,14/09/14,Kasimpasa,Mersin Idman Yurdu,2,2,D,0,2,A,1.75,3.5,4.75,1.8,3.6,4.1,1.8,3.2,4,1.75,3.3,4.5,1.75,3.77,5.17,1.73,3.5,4.6,1.73,3.5,4.8,1.75,3.5,5,42,1.8,1.75,3.77,3.5,5.3,4.65,38,2.13,2.03,1.82,1.75,21,-0.75,2.07,1.97,1.92,1.86
T1,14/09/14,Trabzonspor,Fenerbahce,0,0,D,0,0,D,2.9,3.25,2.4,2.75,3.3,2.4,2.8,3.1,2.3,3.1,3.1,2.3,3.27,3.45,2.31,3,3.2,2.3,3,3.2,2.3,3.12,3.25,2.38,43,3.27,3,3.45,3.22,2.52,2.33,40,2.1,2,1.88,1.77,22,0.25,1.92,1.83,2.16,2.01
T1,15/09/14,Akhisar Belediyespor,Sivasspor,2,2,D,1,0,H,2.6,3.2,2.75,2.55,3.4,2.55,2.5,3.1,2.6,2.55,3.1,2.65,2.56,3.48,2.85,2.6,3.2,2.62,,,,2.62,3.2,2.8,42,2.68,2.52,3.48,3.22,2.9,2.73,40,2,1.87,2.01,1.9,23,0,1.9,1.83,2.07,1.99
T1,15/09/14,Besiktas,Rizespor,1,1,D,0,0,D,1.53,4,6.25,1.55,3.75,6,1.5,3.8,5.5,1.5,3.8,6.5,1.56,4.24,6.43,1.53,3.8,6,,,,1.55,4,6.5,42,1.6,1.53,4.24,3.88,7,6.07,38,1.91,1.79,2.12,1.99,25,-1,2,1.93,1.97,1.88
T1,19/09/14,Eskisehirspor,Genclerbirligi,0,2,A,0,1,A,1.83,3.4,4.5,1.9,3.4,3.9,1.9,3.2,3.6,1.85,3.1,4.3,1.89,3.57,4.58,1.8,3.3,4.33,,,,1.87,3.4,4.5,48,1.91,1.85,3.6,3.4,4.63,4.27,40,2.26,2.16,1.74,1.66,25,-0.5,1.89,1.85,2.04,1.98
T1,20/09/14,Balikesirspor,Galatasaray,2,0,H,2,0,H,7,4.33,1.44,7,4.1,1.44,6,3.9,1.45,7.5,4.1,1.4,8.29,4.61,1.44,6.5,4.33,1.44,,,,8.5,4.3,1.44,46,8.5,7.29,4.61,4.25,1.48,1.43,42,1.8,1.72,2.2,2.07,22,1.25,1.92,1.86,2.1,1.98
T1,20/09/14,Erciyesspor,Akhisar Belediyespor,1,2,A,1,0,H,2.3,3.25,3.1,2.35,3.25,2.85,2.3,3.1,2.8,2.3,3.1,3,2.32,3.34,3.34,2.3,3.2,3,,,,2.3,3.25,3.2,46,2.46,2.29,3.4,3.21,3.34,3.06,43,2.15,2.05,1.83,1.74,22,-0.25,2.1,1.97,1.93,1.86
T1,20/09/14,Mersin Idman Yurdu,Rizespor,2,0,H,1,0,H,2.5,3.2,2.88,2.5,3.25,2.7,2.3,3.1,2.8,2.5,3.1,2.75,2.63,3.27,2.92,2.3,3.2,3,,,,2.6,3.25,2.8,46,2.63,2.47,3.3,3.14,3.05,2.85,37,2.31,2.18,1.75,1.65,25,0,1.88,1.81,2.08,2
T1,21/09/14,Fenerbahce,Gaziantepspor,1,0,H,0,0,D,1.33,5,9,1.35,4.5,8.5,1.35,4.2,7.5,1.35,4.33,8.5,1.33,5.41,10.44,1.36,4.5,8,,,,1.33,5,11,46,1.37,1.33,5.41,4.76,11,9.19,36,1.7,1.63,2.34,2.19,26,-1.5,2.1,1.94,1.97,1.88
T1,21/09/14,Kasimpasa,Karabukspor,2,1,H,1,1,D,1.83,3.5,4.33,1.87,3.4,4,2.1,3.1,3.2,1.9,3.2,4.1,1.88,3.6,4.56,1.85,3.3,4.2,,,,1.85,3.5,4.5,44,2.1,1.85,3.6,3.42,4.56,4.16,41,2.18,2.05,1.8,1.74,21,-0.5,1.92,1.86,2.04,1.98
T1,21/09/14,Sivasspor,Konyaspor,0,0,D,0,0,D,2,3.6,3.5,2,3.5,3.4,1.9,3.2,3.6,2,3.3,3.5,2.04,3.64,3.76,1.95,3.5,3.6,,,,2.05,3.6,3.5,45,2.08,1.99,3.64,3.4,3.9,3.59,42,1.84,1.78,2.12,2,20,-0.5,2.09,2.04,1.88,1.81
T1,22/09/14,Bursaspor,Besiktas,0,1,A,0,0,D,3.1,3.25,2.3,,,,2.8,3.1,2.3,3,3.2,2.25,3.19,3.4,2.37,2.9,3.3,2.3,,,,3.1,3.25,2.38,42,3.2,3,3.4,3.22,2.4,2.32,38,2.12,2,1.9,1.79,19,0.25,1.88,1.82,2.09,2.02
T1,22/09/14,Buyuksehyr,Trabzonspor,1,1,D,0,0,D,2.75,3.3,2.5,2.75,3.2,2.45,2.7,3.1,2.4,2.75,3.1,2.5,2.8,3.3,2.71,2.8,3.25,2.4,,,,2.75,3.3,2.6,45,3,2.71,3.35,3.19,2.73,2.54,40,2.14,2.04,1.85,1.75,24,0,2.01,1.95,1.93,1.86
T1,26/09/14,Galatasaray,Sivasspor,2,1,H,2,0,H,1.5,4,7,1.5,4.1,6,1.55,3.7,5,1.44,3.9,7.5,1.47,4.56,7.7,1.44,4,6.5,,,,1.44,4.2,8,48,1.55,1.43,4.7,4.26,8.5,7.43,42,1.76,1.7,2.25,2.11,25,-1.25,1.96,1.92,1.97,1.91
T1,27/09/14,Besiktas,Eskisehirspor,1,1,D,1,0,H,1.62,3.75,5.5,1.62,3.6,5.5,1.55,3.7,5,1.61,3.5,5.5,1.61,3.97,6.36,1.6,3.75,5,,,,1.6,3.8,6.25,46,1.65,1.59,4,3.72,6.6,5.76,43,2.12,2,1.92,1.78,26,-1,2.14,2.07,1.83,1.77
T1,27/09/14,Trabzonspor,Kasimpasa,1,1,D,1,0,H,2.4,3.25,2.9,2.45,3.2,2.75,2.2,3.1,3,2.3,3.1,3,2.51,3.31,3.03,2.38,3.2,2.8,,,,2.4,3.25,3.1,45,2.5,2.33,3.35,3.2,3.25,3.02,42,2.23,2.11,1.78,1.7,23,-0.25,2.14,2,1.89,1.83
T1,28/09/14,Akhisar Belediyespor,Fenerbahce,2,0,H,1,0,H,4.5,3.75,1.73,4.4,3.5,1.75,4.2,3.3,1.75,4.75,3.5,1.7,4.55,3.82,1.82,4.6,3.75,1.65,,,,4.5,3.75,1.75,46,5,4.56,3.82,3.62,1.83,1.73,42,1.86,1.76,2.12,2.02,23,0.75,1.88,1.84,2.06,1.99
T1,28/09/14,Genclerbirligi,Balikesirspor,3,1,H,1,0,H,1.8,3.6,4.33,1.91,3.4,3.8,1.85,3.2,3.8,1.9,3.25,4,1.89,3.6,4.48,1.91,3.3,3.8,,,,1.85,3.6,4.3,46,2,1.87,3.6,3.4,4.5,4.08,42,2.11,2.01,1.85,1.77,23,-0.5,1.93,1.87,2.03,1.96
T1,28/09/14,Konyaspor,Erciyesspor,1,1,D,1,0,H,1.91,3.4,4,1.91,3.4,3.8,1.9,3.2,3.6,1.9,3.2,3.9,1.96,3.53,4.22,1.91,3.3,3.8,,,,1.92,3.4,4.2,46,2,1.91,3.6,3.38,4.3,3.89,42,2.21,2.07,1.8,1.72,23,-0.5,1.98,1.92,1.98,1.9
T1,28/09/14,Rizespor,Bursaspor,0,1,A,0,1,A,2.38,3.1,3.1,2.5,3.4,2.6,2.5,3.1,2.6,2.37,3.1,2.9,2.5,3.28,3.08,2.5,3,2.8,,,,2.45,3.1,3.12,46,2.6,2.43,3.4,3.13,3.13,2.92,36,2.38,2.27,1.66,1.6,22,-0.25,2.14,2.08,1.84,1.77
T1,29/09/14,Gaziantepspor,Buyuksehyr,0,0,D,0,0,D,2.7,3.25,2.6,2.6,3.2,2.6,2.3,3.1,2.8,2.65,3,2.65,2.8,3.36,2.66,2.62,3.1,2.6,,,,2.75,3.25,2.62,42,2.86,2.65,3.36,3.19,2.8,2.62,38,2.12,2.04,1.8,1.75,21,0,2.02,1.94,1.92,1.87
T1,29/09/14,Karabukspor,Mersin Idman Yurdu,0,2,A,0,1,A,1.95,3.3,4,2,3.3,3.6,2.1,3.1,3.2,2.05,3.2,3.5,2.02,3.45,4.07,2.05,3.25,3.4,,,,2,3.3,4,45,2.1,2,3.5,3.28,4.1,3.72,41,2.16,2.01,1.85,1.77,23,-0.5,2.03,1.98,1.91,1.84
T1,03/10/14,Mersin Idman Yurdu,Bursaspor,2,1,H,1,0,H,3.25,3.2,2.25,2.75,3.2,2.45,2.8,3.1,2.3,3.25,3,2.25,3.28,3.27,2.41,3.1,3.2,2.2,,,,3.3,3.2,2.3,45,3.35,3.17,3.3,3.12,2.46,2.29,34,2.38,2.24,1.7,1.61,23,0.25,1.9,1.84,2.08,1.99
T1,04/10/14,Erciyesspor,Galatasaray,1,2,A,0,0,D,5.5,3.8,1.62,4.75,4.1,1.6,4.5,3.5,1.65,5.25,3.6,1.6,5.68,4.01,1.65,5,3.75,1.6,,,,5.75,3.9,1.62,43,6,5.52,4.1,3.74,1.65,1.6,40,2,1.91,2.02,1.86,20,0.75,2.11,2.04,1.86,1.79
T1,04/10/14,Fenerbahce,Konyaspor,2,1,H,1,1,D,1.4,4.33,8.5,1.42,4.5,6.5,1.37,4.1,7,1.4,4.1,7.5,1.45,4.69,7.76,1.4,4.33,7,,,,1.44,4.5,8,43,1.45,1.41,4.8,4.32,8.5,7.53,39,1.8,1.7,2.25,2.09,21,-1.25,2.03,1.96,1.91,1.87
T1,04/10/14,Kasimpasa,Gaziantepspor,4,2,H,1,0,H,1.5,4.2,6.25,1.55,4,5.5,1.6,3.6,4.8,,,,1.53,4.24,7.22,1.44,4,6.5,,,,1.5,4.2,7,41,1.6,1.5,4.22,3.9,7.2,6.52,40,1.91,1.84,2.02,1.93,24,-1,1.94,1.87,2.03,1.95
T1,04/10/14,Sivasspor,Genclerbirligi,1,0,H,1,0,H,2.1,3.4,3.4,2.15,3.4,3.1,2.25,3.1,2.95,2.2,3.2,3.3,2.08,3.58,3.7,2.05,3.4,3.25,,,,2.1,3.4,3.6,43,2.25,2.04,3.62,3.35,3.8,3.49,41,1.95,1.85,2.02,1.91,18,-0.5,2.11,2.03,1.87,1.79
T1,05/10/14,Balikesirspor,Besiktas,0,1,A,0,0,D,4.75,3.5,1.75,4.1,3.8,1.75,4.2,3.3,1.75,4.6,3.4,1.72,5.43,3.89,1.7,4.33,3.5,1.75,,,,5,3.5,1.75,43,5.36,4.64,3.89,3.56,1.8,1.72,40,2.07,1.97,1.9,1.8,21,0.75,1.94,1.87,2.03,1.96
T1,05/10/14,Buyuksehyr,Akhisar Belediyespor,4,0,H,2,0,H,2.1,3.3,3.5,2.25,3.4,2.9,2.3,3.1,2.8,2.15,3.1,3.4,2.25,3.36,3.47,2.25,3.2,3,,,,2.25,3.3,3.3,43,2.3,2.2,3.4,3.23,3.5,3.22,40,2.23,2.11,1.77,1.69,21,-0.25,1.96,1.92,1.98,1.91
T1,05/10/14,Eskisehirspor,Rizespor,1,2,A,0,0,D,1.85,3.5,4.2,1.91,3.3,3.9,1.9,3.2,3.6,1.9,3.2,4,1.89,3.53,4.59,1.91,3.3,3.8,,,,1.87,3.5,4.33,43,1.95,1.87,3.53,3.36,4.59,4.1,40,2.2,2.08,1.8,1.71,21,-0.5,1.93,1.87,2.03,1.95
T1,05/10/14,Karabukspor,Trabzonspor,3,0,H,2,0,H,2.7,3.2,2.63,2.65,3.2,2.55,2.6,3.1,2.5,2.7,3,2.62,2.89,3.22,2.68,2.62,3.1,2.6,,,,2.7,3.2,2.7,43,2.89,2.69,3.3,3.11,2.8,2.61,37,2.33,2.22,1.7,1.62,24,0,2.02,1.93,1.95,1.88
T1,18/10/14,Galatasaray,Fenerbahce,2,1,H,0,0,D,2.1,3.5,3.3,2.15,3.3,3.2,2.2,3.1,3,2.1,3.2,3.4,2.18,3.45,3.54,2.15,3.3,3.1,,,,2.15,3.5,3.3,44,2.26,2.14,3.5,3.29,3.54,3.32,42,2,1.92,1.92,1.85,22,-0.25,1.94,1.88,2.03,1.95
T1,18/10/14,Gaziantepspor,Karabukspor,1,0,H,1,0,H,2.63,3.3,2.6,2.65,3.1,2.6,2.6,3.1,2.5,2.7,3,2.6,2.85,3.3,2.67,2.62,3.1,2.6,,,,2.75,3.3,2.62,44,2.85,2.69,3.3,3.18,2.82,2.58,41,2.14,2.02,1.85,1.76,24,0,2.01,1.94,1.94,1.87
T1,18/10/14,Konyaspor,Buyuksehyr,0,0,D,0,0,D,2.2,3.3,3.25,2.25,3.3,3,2.3,3.1,2.8,2.2,3,3.3,2.26,3.23,3.59,2.3,3.1,3,,,,2.25,3.25,3.4,44,2.4,2.24,3.35,3.17,3.63,3.23,36,2.4,2.25,1.66,1.61,22,-0.25,2.02,1.92,1.99,1.9
T1,19/10/14,Akhisar Belediyespor,Kasimpasa,2,0,H,0,0,D,2.5,3.4,2.7,2.4,3.3,2.75,2.4,3.1,2.7,2.45,3.2,2.75,2.7,3.38,2.75,2.4,3.3,2.7,,,,2.6,3.4,2.7,44,2.7,2.51,3.4,3.25,2.95,2.73,41,1.94,1.87,2.02,1.91,23,0,1.95,1.86,2.03,1.95
T1,19/10/14,Besiktas,Sivasspor,3,2,H,0,1,A,1.62,3.75,5.5,1.67,3.5,5,1.65,3.5,4.5,1.66,3.5,4.8,1.67,3.99,5.51,1.67,3.75,4.5,,,,1.67,3.75,5.5,44,1.7,1.63,4,3.7,6,5.32,40,1.82,1.75,2.13,2.04,22,-0.75,1.87,1.82,2.08,2.01
T1,19/10/14,Bursaspor,Eskisehirspor,2,2,D,1,0,H,2.2,3.3,3.3,2.1,3.25,3.4,2.1,3.1,3.2,2.2,3,3.3,2.27,3.32,3.46,2.05,3.25,3.4,,,,2.2,3.3,3.4,44,2.27,2.15,3.45,3.23,3.65,3.37,41,2.17,2.07,1.8,1.73,22,-0.25,1.96,1.88,2,1.94
T1,19/10/14,Trabzonspor,Mersin Idman Yurdu,3,1,H,0,0,D,1.75,3.5,4.75,1.91,3.3,3.9,1.85,3.2,3.8,1.85,3.2,4.3,1.87,3.56,4.65,1.85,3.2,4.2,,,,1.85,3.5,4.5,43,1.94,1.83,3.6,3.38,4.9,4.32,37,2.25,2.14,1.73,1.66,21,-0.5,1.88,1.81,2.1,2.02
T1,20/10/14,Genclerbirligi,Erciyesspor,0,0,D,0,0,D,2.3,3.3,3.1,2.2,3.25,3.1,2.2,3.1,3,2.25,3.1,3.1,2.39,3.3,3.24,2.15,3.2,3.2,,,,2.38,3.3,3.12,44,2.42,2.24,3.4,3.21,3.4,3.17,41,2.08,1.99,1.87,1.79,22,-0.25,2.05,1.97,1.92,1.86
T1,20/10/14,Rizespor,Balikesirspor,2,2,D,1,1,D,1.8,3.4,4.75,1.9,3.3,4,1.85,3.2,3.8,1.85,3.1,4.3,1.86,3.58,4.7,1.83,3.25,4.2,,,,1.85,3.5,4.5,44,2,1.85,3.58,3.36,5,4.3,36,2.3,2.17,1.75,1.65,22,-0.5,1.93,1.85,2.06,1.97
T1,24/10/14,Karabukspor,Akhisar Belediyespor,2,1,H,0,0,D,2.2,3.25,3.3,2.2,3.3,3.1,2.2,3.1,3,2.2,3,3.3,2.34,3.23,3.48,2.15,3.2,3.2,,,,2.2,3.25,3.5,45,2.46,2.29,3.35,3.18,3.5,3.14,42,2.22,2.1,1.8,1.71,26,-0.25,2.08,2.01,1.88,1.83
T1,24/10/14,Kasimpasa,Konyaspor,2,0,H,1,0,H,1.7,3.6,5,1.8,3.4,4.33,1.75,3.3,4.2,1.75,3.3,4.5,1.82,3.8,4.61,1.8,3.5,4,,,,1.73,3.6,5.2,45,1.8,1.75,3.8,3.52,5.2,4.68,43,1.99,1.91,1.98,1.87,24,-0.75,2.04,1.98,1.91,1.86
T1,25/10/14,Balikesirspor,Bursaspor,0,5,A,0,4,A,3.4,3.4,2.1,3.2,3.3,2.15,3.2,3.1,2.1,3.4,3.1,2.15,3.47,3.33,2.26,3.3,3.1,2.15,,,,3.3,3.3,2.25,43,3.5,3.31,3.4,3.21,2.32,2.18,39,2.2,2.11,1.8,1.69,23,0.25,1.98,1.91,1.99,1.92
T1,25/10/14,Fenerbahce,Genclerbirligi,2,1,H,0,0,D,1.3,5,10,1.35,4.4,9,1.4,4,6.5,1.33,4.5,9,1.33,5.58,10.28,1.3,5,8.5,,,,1.33,5,10,43,1.4,1.32,5.58,4.84,11,9.42,34,1.63,1.58,2.5,2.32,26,-1.5,2,1.92,1.97,1.89
T1,25/10/14,Sivasspor,Rizespor,0,1,A,0,0,D,1.85,3.4,4.33,1.95,3.4,3.6,2,3.2,3.3,1.95,3.1,3.9,1.96,3.55,4.2,1.91,3.3,3.75,,,,1.92,3.4,4.2,43,2,1.9,3.7,3.37,4.44,4.01,41,2,1.93,1.93,1.86,22,-0.5,1.98,1.89,2.03,1.93
T1,26/10/14,Buyuksehyr,Galatasaray,4,0,H,2,0,H,4,3.4,1.91,4,3.4,1.87,4,3.2,1.8,4.1,3.2,1.9,4.08,3.59,1.97,3.75,3.3,1.91,,,,3.9,3.4,2,43,4.5,3.97,3.7,3.38,2.02,1.91,41,2.07,1.98,1.9,1.8,22,0.5,1.95,1.89,2.01,1.93
T1,26/10/14,Mersin Idman Yurdu,Eskisehirspor,4,2,H,1,2,A,2.88,3.3,2.4,2.85,3.25,2.4,2.7,3.1,2.4,2.8,3.1,2.45,3.1,3.33,2.45,2.8,3.1,2.45,,,,2.9,3.3,2.5,43,3.1,2.88,3.4,3.2,2.6,2.42,40,2.14,2.03,1.82,1.76,26,0,2.17,2.07,1.82,1.76
T1,26/10/14,Trabzonspor,Gaziantepspor,4,4,D,0,2,A,1.57,3.8,6,1.6,3.4,6.25,1.65,3.5,4.5,1.65,3.5,5.25,1.58,4.1,6.5,1.6,3.75,5,,,,1.62,3.8,5.4,43,1.67,1.58,4.1,3.76,6.5,5.82,41,1.95,1.87,2,1.9,23,-1,2.14,1.99,1.89,1.82
T1,27/10/14,Erciyesspor,Besiktas,3,2,H,0,0,D,4,3.6,1.85,4,3.5,1.83,3.8,3.2,1.85,4.25,3.25,1.83,4.33,3.61,1.92,3.8,3.3,1.91,,,,4.2,3.6,1.87,43,4.8,4.12,3.66,3.45,1.91,1.85,40,2.13,2.03,1.85,1.76,22,0.5,2.05,1.98,1.89,1.84
T1,31/10/14,Galatasaray,Kasimpasa,2,1,H,0,1,A,1.8,3.5,4.5,1.75,3.6,4.4,1.7,3.4,4.3,1.8,3.5,4.2,1.82,3.98,4.47,1.8,3.5,4,,,,1.85,3.5,4.5,46,1.85,1.79,4.03,3.6,4.68,4.33,40,1.8,1.75,2.17,2.04,21,-0.75,2.1,2.01,1.91,1.83
T1,01/11/14,Akhisar Belediyespor,Trabzonspor,1,1,D,1,1,D,2.5,3.2,2.8,2.45,3.2,2.8,2.4,3.1,2.7,2.55,3.1,2.7,2.71,3.24,2.84,2.6,3.1,2.62,,,,2.62,3.25,2.75,44,2.72,2.54,3.4,3.17,2.9,2.75,41,2.12,2.03,1.84,1.75,24,0,1.92,1.85,2.04,1.96
T1,01/11/14,Bursaspor,Sivasspor,3,0,H,0,0,D,1.8,3.6,4.33,1.83,3.5,4.1,1.85,3.2,3.8,1.83,3.3,4.1,1.8,3.79,4.77,1.85,3.5,3.8,,,,1.83,3.6,4.5,44,1.88,1.79,3.9,3.55,4.8,4.33,41,1.85,1.79,2.12,2,22,-0.75,2.12,2.04,1.89,1.81
T1,01/11/14,Genclerbirligi,Buyuksehyr,1,0,H,0,0,D,2.7,3.2,2.6,2.6,3.2,2.6,2.4,3.1,2.7,2.65,3.1,2.6,2.84,3.3,2.66,2.6,3.1,2.62,,,,2.75,3.25,2.62,44,2.92,2.68,3.3,3.16,2.8,2.61,41,2.2,2.11,1.76,1.7,26,0,2.02,1.93,1.94,1.87
T1,02/11/14,Besiktas,Fenerbahce,0,2,A,0,1,A,2.6,3.25,2.7,2.6,3.4,2.5,2.5,3.2,2.7,2.6,3.1,2.62,2.72,3.34,2.76,2.7,3.2,2.45,,,,2.7,3.25,2.7,44,2.76,2.63,3.4,3.21,2.8,2.63,42,2,1.91,1.95,1.87,26,0,1.96,1.9,1.99,1.91
T1,02/11/14,Gaziantepspor,Mersin Idman Yurdu,1,0,H,0,0,D,2.38,3.25,3,2.4,3.3,2.75,2.2,3.1,3,2.35,3.2,2.9,2.42,3.4,3.09,2.38,3.2,2.8,,,,2.45,3.25,3,44,2.5,2.38,3.5,3.25,3.15,2.9,42,2.08,2,1.88,1.79,21,-0.25,2.15,2.08,1.83,1.77
T1,02/11/14,Rizespor,Erciyesspor,1,1,D,0,0,D,2.15,3.3,3.4,2.1,3.3,3.3,2,3.2,3.3,2.15,3.1,3.4,2.26,3.29,3.52,2,3.2,3.6,,,,2.25,3.25,3.4,44,2.3,2.15,3.4,3.21,3.65,3.38,39,2.31,2.2,1.75,1.65,23,-0.25,1.96,1.89,1.99,1.93
T1,03/11/14,Eskisehirspor,Balikesirspor,2,2,D,0,1,A,1.57,3.75,6,1.62,3.4,6,1.7,3.4,4.3,1.61,3.4,5.5,1.58,4.11,6.42,1.65,3.5,5,,,,1.6,3.75,6.25,44,1.7,1.6,4.11,3.7,6.5,5.74,42,2.03,1.95,1.92,1.83,26,-1,2.15,2.05,1.85,1.78
T1,03/11/14,Konyaspor,Karabukspor,1,0,H,0,0,D,2.1,3.25,3.6,2.15,3.3,3.2,2.1,3.1,3.2,2.15,3,3.5,2.15,3.27,3.86,2.15,3.2,3.2,,,,2.1,3.25,3.7,44,2.2,2.12,3.4,3.2,3.86,3.47,37,2.33,2.18,1.72,1.65,23,-0.25,1.89,1.83,2.08,2
T1,07/11/14,Gaziantepspor,Akhisar Belediyespor,1,0,H,1,0,H,2.4,3.2,3,2.45,3.2,2.8,2.4,3.1,2.7,2.38,3,3,2.39,3.31,3.28,2.45,3.2,2.7,,,,2.45,3.2,2.9,42,2.55,2.43,3.35,3.18,3.28,2,39,2.12,2.03,1.84,1.76,21,-0.25,2.18,2.1,1.82,1.75
T1,07/11/14,Sivasspor,Eskisehirspor,1,1,D,0,0,D,2.5,3.25,2.8,2.4,3.25,2.8,2.4,3.1,2.7,2.4,3,2.87,2.56,3.3,3.01,2.5,3.25,2.62,,,,2.4,3.3,2.88,43,2.55,2.43,3.4,3.21,3.2,2.88,41,2.02,1.91,2,1.87,24,-0.25,2.23,2.08,1.86,1.77
T1,08/11/14,Fenerbahce,Rizespor,2,1,H,1,1,D,1.36,4.75,8.5,1.35,4.5,8.5,1.35,4.2,7.5,1.36,4.25,8.5,1.39,5.15,8.65,1.33,4.6,8,,,,1.33,4.75,9.5,41,1.4,1.34,5.2,4.69,10,8.78,33,1.75,1.65,2.33,2.17,26,-1.5,2.1,2,1.9,1.82
T1,08/11/14,Karabukspor,Galatasaray,1,2,A,0,1,A,3.8,3.3,2,3.25,3.25,2.15,3.2,3.1,2.1,3.4,3.2,2.05,3.72,3.39,2.15,3.5,3.3,2,,,,3.5,3.3,2.1,42,3.8,3.51,3.55,3.27,2.16,2.07,40,2.04,1.95,1.96,1.83,20,0.25,2.09,2.02,1.88,1.81
T1,08/11/14,Mersin Idman Yurdu,Balikesirspor,2,1,H,1,0,H,1.8,3.5,4.5,1.85,3.4,4.1,1.9,3.2,3.6,1.9,3.2,4,1.89,3.64,4.39,1.95,3.25,3.75,,,,1.83,3.5,4.3,42,2,1.86,3.75,3.4,4.5,4.14,40,2.11,2.02,1.85,1.77,23,-0.5,1.93,1.86,2.05,1.97
T1,09/11/14,Buyuksehyr,Besiktas,1,2,A,1,0,H,2.8,3.25,2.5,2.95,3,2.45,2.7,3.1,2.4,2.85,3.1,2.45,2.88,3.26,2.71,2.88,3,2.45,,,,2.7,3.2,2.6,42,3,2.79,3.35,3.12,2.71,2.54,38,2.23,2.12,1.75,1.69,18,0,2.01,1.96,1.93,1.84
T1,09/11/14,Erciyesspor,Bursaspor,1,1,D,0,1,A,2.88,3.3,2.4,2.8,3.1,2.5,2.6,3.1,2.5,2.9,3,2.4,3.15,3.42,2.38,2.8,3.2,2.38,,,,3.1,3.3,2.3,42,3.2,2.97,3.42,3.19,2.62,2.37,39,2.11,2.02,1.85,1.76,22,0.25,1.88,1.82,2.1,2.03
T1,09/11/14,Kasimpasa,Genclerbirligi,2,2,D,0,1,A,1.5,4,7,1.55,3.7,6,1.55,3.7,5,1.55,3.6,6,1.51,4.4,7.14,1.55,3.8,5.5,,,,1.53,4,6.25,42,1.57,1.51,4.4,3.93,7.2,6.36,39,1.85,1.77,2.13,2.02,27,-1,1.95,1.89,2.04,1.93
T1,09/11/14,Trabzonspor,Konyaspor,3,2,H,2,1,H,1.67,3.6,5.25,1.75,3.5,4.5,1.75,3.3,4.2,1.7,3.4,4.8,1.75,3.74,5.18,1.73,3.4,4.6,,,,1.73,3.6,4.8,42,1.77,1.71,3.9,3.49,5.5,4.92,40,2.05,1.99,1.88,1.8,23,-0.75,2.01,1.95,1.96,1.88
T1,22/11/14,Akhisar Belediyespor,Mersin Idman Yurdu,1,1,D,0,0,D,2,3.3,3.8,2.05,3.25,3.5,2.1,3.1,3.2,2.05,3.2,3.4,2.14,3.53,3.58,2.05,3.25,3.4,,,,2.1,3.25,3.7,44,2.2,2.07,3.52,3.3,3.8,3.49,41,2.08,2,1.87,1.79,24,-0.25,1.89,1.81,2.11,2.02
T1,22/11/14,Galatasaray,Trabzonspor,0,3,A,0,0,D,1.8,3.6,4.33,1.83,3.5,4.1,1.75,3.3,4.2,1.75,3.4,4.33,1.81,3.81,4.67,1.8,3.5,4,,,,1.83,3.4,4.75,44,1.91,1.79,3.81,3.51,4.8,4.38,42,1.94,1.84,2.03,1.93,20,-0.5,1.83,1.78,2.13,2.04
T1,22/11/14,Rizespor,Buyuksehyr,0,2,A,0,1,A,2.88,3.2,2.45,2.7,3.1,2.6,2.55,3.1,2.55,2.85,2.9,2.55,2.95,3.31,2.58,2.7,3,2.6,,,,3,3.1,2.55,43,3,2.82,3.35,3.14,2.65,2.51,40,2.23,2.14,1.75,1.68,24,0,2.12,2.02,1.83,1.78
T1,23/11/14,Besiktas,Kasimpasa,2,0,H,2,0,H,2,3.5,3.6,2.05,3.3,3.4,2,3.2,3.3,2,3.25,3.6,2.09,3.55,3.7,2,3.3,3.5,,,,2.1,3.3,3.6,45,2.12,2.01,3.65,3.39,3.9,3.56,43,2.01,1.94,1.92,1.84,23,-0.5,2.09,2.03,1.86,1.8
T1,23/11/14,Eskisehirspor,Erciyesspor,2,1,H,1,0,H,1.8,3.5,4.5,1.9,3.4,3.9,1.8,3.2,4,1.8,3.25,4.3,1.83,3.54,4.92,1.8,3.25,4.4,,,,1.87,3.4,4.4,44,1.92,1.81,3.6,3.41,4.92,4.44,37,2.3,2.17,1.75,1.65,24,-0.5,1.85,1.81,2.09,2.02
T1,23/11/14,Genclerbirligi,Karabukspor,2,2,D,2,1,H,2.3,3.25,3.1,2.3,3.1,3.1,2.3,3.1,2.8,2.3,3,3.1,2.36,3.35,3.25,2.45,3.1,2.8,,,,2.38,3.1,3.25,44,2.5,2.32,3.35,3.17,3.3,3.08,40,2.31,2.18,1.75,1.66,24,-0.25,2.12,1.99,1.92,1.83
T1,23/11/14,Konyaspor,Gaziantepspor,2,0,H,0,0,D,1.8,3.5,4.5,1.87,3.2,4.25,1.85,3.2,3.8,1.85,3.25,4.1,1.86,3.56,4.71,1.8,3.3,4.33,,,,1.9,3.4,4.3,44,1.94,1.82,3.65,3.41,4.8,4.37,42,2.17,2.09,1.78,1.72,24,-0.5,1.89,1.82,2.07,2.01
T1,24/11/14,Balikesirspor,Sivasspor,1,3,A,0,1,A,2.55,3.4,2.63,2.45,3.3,2.7,2.5,3.1,2.6,2.6,3.1,2.6,2.68,3.44,2.73,2.5,3.25,2.6,,,,2.7,3.1,2.75,44,2.76,2.6,3.5,3.25,2.8,2.64,43,1.92,1.86,2,1.92,22,0,1.96,1.89,1.98,1.9
T1,24/11/14,Bursaspor,Fenerbahce,1,1,D,1,0,H,2.8,3.4,2.4,3.1,3.25,2.2,3,3.1,2.2,2.85,3.1,2.38,3.03,3.39,2.47,3,3.2,2.25,,,,3,3.2,2.45,44,3.1,2.94,3.43,3.24,2.5,2.36,43,2.05,1.98,1.88,1.8,22,0.25,1.82,1.78,2.13,2.07
T1,28/11/14,Akhisar Belediyespor,Konyaspor,0,0,D,0,0,D,2.2,3.25,3.25,2.3,3.3,3.4,2.1,3.1,3.2,2.25,3,3.2,2.29,3.3,3.5,2.25,3,3.2,,,,2.38,3.1,3.3,47,2.38,2.24,3.4,3.18,3.5,3.25,36,2.34,2.21,1.71,1.63,26,-0.25,2,1.93,1.95,1.9
T1,28/11/14,Buyuksehyr,Bursaspor,0,0,D,0,0,D,2.2,3.3,3.3,2.4,3.25,3.25,2.3,3.1,2.8,2.3,3,3.1,2.4,3.4,3.18,2.38,3.1,2.88,,,,2.3,3.2,3.25,45,2.4,2.25,3.5,3.25,3.42,3.18,42,2.11,2.03,1.83,1.77,26,-0.25,2.03,1.93,1.98,1.9
T1,29/11/14,Erciyesspor,Balikesirspor,4,0,H,2,0,H,1.57,4,5.5,1.57,4,5.25,1.65,3.5,4.5,1.61,3.5,5.25,1.59,4.08,6.47,1.6,3.75,5,,,,1.65,3.5,6,46,1.67,1.59,4.1,3.71,6.5,5.75,40,1.97,1.89,1.96,1.89,25,-1,2.14,2.05,1.85,1.78
T1,29/11/14,Gaziantepspor,Galatasaray,0,1,A,0,0,D,4.33,3.5,1.83,4.1,3.6,1.8,3.3,3.2,2,4,3.25,1.85,4.31,3.58,1.93,3.75,3.3,1.91,,,,4.3,3.25,1.95,46,4.33,4,3.65,3.37,2.03,1.9,40,2.05,1.96,1.96,1.82,24,0.5,2.02,1.94,1.99,1.89
T1,29/11/14,Kasimpasa,Rizespor,3,1,H,2,1,H,1.57,3.75,6,1.55,3.8,5.75,1.65,3.5,4.5,1.57,3.6,5.75,1.56,4.23,6.63,1.55,3.8,5.5,,,,1.57,3.75,6.5,46,1.65,1.55,4.3,3.82,7,6.04,41,1.86,1.79,2.07,2,27,-1,2.06,1.96,1.94,1.86
T1,30/11/14,Fenerbahce,Eskisehirspor,2,2,D,0,1,A,1.4,4.5,7.5,1.4,4.4,7.25,1.37,4.1,7,1.45,4,6.5,1.48,4.65,7.14,1.5,4.2,5.5,,,,1.5,4,7,44,1.53,1.45,4.65,4.27,7.7,6.82,33,1.73,1.67,2.26,2.15,23,-1.25,2.11,2.04,1.85,1.8
T1,30/11/14,Mersin Idman Yurdu,Sivasspor,2,0,H,0,0,D,2.4,3.2,3,2.3,3.2,3,2.2,3.1,3,2.4,3,2.9,2.46,3.49,2.97,2.38,3.2,2.8,,,,2.45,3.2,3,44,2.52,2.38,3.49,3.24,3.1,2.91,40,1.96,1.89,2.01,1.89,23,-0.25,2.16,2.07,1.83,1.78
T1,01/12/14,Karabukspor,Besiktas,1,2,A,0,0,D,3.3,3.5,2.1,3.4,3.4,2.05,3.3,3.2,2,3.2,3.1,2.15,3.56,3.35,2.22,3.3,3.1,2.15,,,,3.4,3.25,2.25,42,3.6,3.35,3.5,3.26,2.26,2.14,37,2.24,2.13,1.8,1.69,23,0.25,2.02,1.96,1.91,1.86
T1,01/12/14,Trabzonspor,Genclerbirligi,4,1,H,3,0,H,1.5,4,7,1.5,3.9,6.5,1.6,3.6,4.8,1.53,3.7,6,1.5,4.51,7,1.53,4,5.5,,,,1.5,3.9,6.5,43,1.6,1.5,4.7,4.02,7.5,6.52,39,1.85,1.76,2.15,2.03,26,-1,1.94,1.82,2.14,2
T1,06/12/14,Balikesirspor,Fenerbahce,0,1,A,0,1,A,7,4.33,1.44,6.75,4.5,1.4,6,3.9,1.45,7.5,4.2,1.4,8.24,4.68,1.44,7,4,1.44,,,,9,4.3,1.4,45,9,7.5,4.95,4.35,1.5,1.41,42,1.78,1.72,2.2,2.08,25,1.25,1.96,1.9,1.98,1.92
T1,06/12/14,Galatasaray,Akhisar Belediyespor,2,1,H,1,0,H,1.33,5,8.5,1.36,4.5,8,1.45,3.9,6,1.36,4.3,8,1.4,4.97,8.8,1.4,4.33,7,,,,1.4,4.4,9,45,1.45,1.38,5,4.54,9.3,7.97,42,1.8,1.73,2.18,2.07,25,-1.25,1.93,1.87,2.01,1.95
T1,06/12/14,Genclerbirligi,Gaziantepspor,2,0,H,0,0,D,2.25,3.2,3.25,2.2,3.1,3.3,2.2,3.1,3,2.3,3,3.2,2.34,3.36,3.27,2.25,3.2,3,,,,2.3,3.3,3.2,45,2.4,2.27,3.4,3.2,3.35,3.13,42,2.2,2.1,1.8,1.71,25,-0.25,2.02,1.96,1.91,1.85
T1,06/12/14,Konyaspor,Mersin Idman Yurdu,2,0,H,0,0,D,1.85,3.4,4.33,2,3.3,3.6,1.9,3.2,3.6,1.95,3.1,3.9,1.96,3.46,4.34,1.91,3.3,3.8,,,,1.95,3.3,4,44,2.04,1.92,3.6,3.35,4.34,3.96,41,2.2,2.08,1.79,1.72,24,-0.5,1.98,1.91,1.99,1.91
T1,07/12/14,Besiktas,Trabzonspor,3,0,H,2,0,H,2.05,3.4,3.5,2.15,3.3,3.25,1.9,3.2,3.6,2.05,3.2,3.4,2.17,3.62,3.42,2,3.5,3.3,,,,2.15,3.3,3.4,45,2.2,2.07,3.62,3.38,3.8,3.39,42,1.87,1.76,2.15,2.03,25,-0.25,1.88,1.81,2.08,2.01
T1,07/12/14,Bursaspor,Kasimpasa,5,1,H,3,0,H,2.2,3.3,3.25,2.15,3.2,3.3,2.2,3.1,3,2.2,3.2,3.1,2.28,3.6,3.18,2.2,3.3,3,,,,2.3,3.3,3.2,45,2.33,2.22,3.6,3.31,3.35,3.13,42,1.83,1.74,2.17,2.05,25,-0.25,2,1.93,1.96,1.88
T1,07/12/14,Eskisehirspor,Buyuksehyr,0,1,A,0,0,D,2,3.2,4,2.05,3.2,3.6,2,3.2,3.3,2,3,3.8,2.05,3.38,4.04,2,3.2,3.6,,,,2.1,3.3,3.7,42,2.12,2.01,3.5,3.26,4.05,3.69,36,2.28,2.18,1.72,1.66,23,-0.5,2.08,2.02,1.87,1.82
T1,07/12/14,Rizespor,Karabukspor,0,3,A,0,2,A,2.55,3.2,2.8,2.5,3,2.85,2.5,3.1,2.6,2.55,2.9,2.8,2.71,3.24,2.84,2.6,3,2.7,,,,2.62,3.1,2.88,45,2.74,2.58,3.3,3.12,2.9,2.75,40,2.33,2.21,1.71,1.64,24,0,1.92,1.84,2.03,1.95
T1,08/12/14,Sivasspor,Erciyesspor,1,1,D,1,1,D,2,3.4,3.75,1.9,3.4,3.9,1.9,3.2,3.6,1.95,3.2,3.75,2.04,3.51,3.92,2,3.3,3.5,,,,2.05,3.3,3.75,45,2.1,1.99,3.6,3.35,4.05,3.68,42,2.11,2.01,1.87,1.77,25,-0.5,2.04,1.99,1.9,1.83
T1,12/12/14,Fenerbahce,Sivasspor,4,1,H,3,1,H,1.3,5.25,10,1.3,5.25,8.5,1.4,4,6.5,1.33,4.5,9,1.33,5.43,10.99,1.35,4.6,7.5,,,,1.33,4.8,10.5,46,1.4,1.32,5.71,4.91,12,9.56,36,1.62,1.56,2.52,2.36,30,-1.5,1.99,1.89,2.04,1.92
T1,13/12/14,Akhisar Belediyespor,Genclerbirligi,1,1,D,0,0,D,1.85,3.6,4,1.85,3.4,4,1.85,3.2,3.8,1.9,3.3,3.8,1.85,3.71,4.52,1.83,3.4,4,,,,1.9,3.6,4.1,45,1.95,1.84,3.9,3.55,4.52,4.03,43,2.01,1.94,1.95,1.85,24,-0.5,1.89,1.83,2.07,2
T1,13/12/14,Buyuksehyr,Balikesirspor,1,0,H,0,0,D,1.3,5,10,1.35,4.2,10,1.35,4.2,7.5,1.33,4.3,10,1.32,5.32,11.96,1.33,4.5,8.5,,,,1.33,4.4,10,43,1.4,1.32,5.3,4.62,12.5,10.01,40,1.92,1.86,2.02,1.93,28,-1.5,2.07,1.99,1.91,1.83
T1,13/12/14,Kasimpasa,Eskisehirspor,1,0,H,1,0,H,2,3.4,3.7,2,3.3,3.6,2,3.2,3.3,2.05,3.25,3.4,2,3.65,3.91,2,3.4,3.4,,,,2.05,3.4,3.7,45,2.11,1.99,3.7,3.43,3.91,3.6,43,1.87,1.8,2.12,1.98,23,-0.5,2.04,1.98,1.92,1.85
T1,13/12/14,Konyaspor,Galatasaray,0,5,A,0,3,A,3.75,3.3,2,3.6,3.3,2,3.3,3.2,2,3.5,3.1,2.1,3.93,3.54,2.03,3.4,3.25,2.05,,,,3.75,3.2,2.1,45,3.93,3.63,3.6,3.31,2.14,2.02,43,2.11,2,1.88,1.79,23,0.5,1.89,1.82,2.08,2.01
T1,14/12/14,Gaziantepspor,Besiktas,0,1,A,0,0,D,4.75,3.6,1.75,4.75,3.3,1.75,4.2,3.3,1.75,5,3.25,1.72,5.53,3.74,1.72,4.8,3.4,1.7,,,,5.25,3.5,1.75,45,5.6,4.86,3.85,3.5,1.83,1.72,42,2.25,2.1,1.82,1.71,24,0.75,1.95,1.87,2.05,1.96
T1,14/12/14,Karabukspor,Bursaspor,3,2,H,1,2,A,2.7,3.3,2.55,2.65,3.1,2.65,2.55,3.1,2.55,2.62,3.1,2.6,2.94,3.26,2.61,2.62,3.1,2.6,,,,2.9,3,2.62,45,2.94,2.74,3.35,3.14,2.73,2.57,42,2.23,2.12,1.76,1.7,26,0,2.08,1.98,1.88,1.83
T1,14/12/14,Mersin Idman Yurdu,Erciyesspor,1,1,D,1,0,H,2,3.25,3.9,2.15,3.25,3.3,2,3.2,3.3,2.1,3,3.6,2.17,3.36,3.68,2.15,3.1,3.3,,,,2.2,3.2,3.6,45,2.23,2.1,3.4,3.22,3.9,3.48,41,2.25,2.15,1.75,1.68,24,-0.25,1.87,1.83,2.07,2.01
T1,15/12/14,Trabzonspor,Rizespor,3,2,H,1,1,D,1.33,5,8.5,1.42,4,8,1.4,4,6.5,1.36,4.2,8,1.4,5.03,8.67,1.4,4.33,7,,,,1.4,4.3,9,45,1.45,1.37,5.1,4.51,10,8.41,40,1.75,1.68,2.24,2.15,24,-1.25,1.92,1.85,2.05,1.99
T1,19/12/14,Erciyesspor,Fenerbahce,0,1,A,0,0,D,5.75,3.8,1.6,5,3.75,1.62,4,3.2,1.8,4.8,3.5,1.66,5.48,4.06,1.68,4,3.75,1.75,,,,5.25,3.6,1.7,46,5.75,5.03,4.2,3.77,1.8,1.65,43,1.8,1.74,2.2,2.06,27,0.75,2.07,2,1.88,1.83
T1,20/12/14,Eskisehirspor,Karabukspor,1,1,D,0,0,D,2,3.2,4,2.1,3.1,3.6,2.1,3.1,3.2,2,3,3.8,2.08,3.41,3.91,2.1,3.1,3.4,,,,2.1,3.25,3.7,47,2.2,2.06,3.45,3.25,4,3.6,42,2.25,2.15,1.76,1.68,26,-0.25,1.83,1.77,2.16,2.07
T1,20/12/14,Galatasaray,Mersin Idman Yurdu,3,2,H,1,2,A,1.4,4.5,7.5,1.42,4.33,7,1.45,3.9,6,1.44,4.1,7,1.42,4.93,8.06,1.4,4.33,7,,,,1.45,4.2,8,47,1.5,1.41,5,4.39,8.2,7.46,36,1.67,1.6,2.4,2.28,27,-1.25,1.97,1.92,1.96,1.9
T1,20/12/14,Genclerbirligi,Konyaspor,5,0,H,1,0,H,2.5,3.1,2.9,2.3,3.2,3,2.2,3.1,3,2.35,3,3,2.58,3.29,2.95,2.3,3.1,3,,,,2.55,3.1,3,47,2.58,2.42,3.4,3.18,3.1,2.92,43,2.23,2.12,1.79,1.7,26,0,1.83,1.75,2.13,2.06
T1,20/12/14,Sivasspor,Buyuksehyr,0,2,A,0,1,A,2.75,3.25,2.55,2.75,3.2,2.45,2.6,3.1,2.5,2.8,3,2.5,2.85,3.26,2.69,2.8,3.1,2.4,,,,2.88,3.12,2.62,45,2.95,2.76,3.35,3.16,2.72,2.54,42,2.23,2.12,1.77,1.7,29,0,2.04,1.95,1.93,1.85
T1,21/12/14,Balikesirspor,Kasimpasa,5,3,H,0,1,A,4.75,3.6,1.75,4.25,3.5,1.78,4.2,3.3,1.75,4.33,3.5,1.75,4.79,3.87,1.78,4,3.75,1.75,,,,4.75,3.5,1.8,45,4.9,4.51,3.95,3.63,1.85,1.74,41,1.79,1.72,2.19,2.08,25,0.75,1.92,1.86,2.02,1.96
T1,21/12/14,Besiktas,Akhisar Belediyespor,3,1,H,1,0,H,1.44,4.33,7,1.4,4.25,7.5,1.45,3.9,6,1.45,3.9,7,1.48,4.39,8.04,1.5,3.8,6,,,,1.5,3.7,8,45,1.54,1.47,4.4,4.01,8.04,7.07,43,2.01,1.91,2,1.87,26,-1,1.87,1.8,2.08,2.01
T1,21/12/14,Bursaspor,Trabzonspor,3,3,D,2,2,D,2.4,3.5,2.75,2.4,3.3,2.75,2.4,3.1,2.7,2.45,3.1,2.8,2.58,3.55,2.77,2.38,3.3,2.75,,,,2.55,3.25,2.8,45,2.6,2.45,3.6,3.33,3.05,2.74,38,1.75,1.67,2.35,2.16,25,0,1.9,1.82,2.08,1.98
T1,22/12/14,Rizespor,Gaziantepspor,0,1,A,0,1,A,2,3.4,3.75,2.1,3.3,3.3,2.2,3.1,3,2.05,3.1,3.6,1.99,3.52,4.02,2,3.2,3.6,,,,2.05,3.4,3.8,45,2.2,2.01,3.6,3.32,4.1,3.66,41,2.25,2.12,1.77,1.7,23,-0.25,1.83,1.75,2.19,2.09
T1,26/12/14,Genclerbirligi,Galatasaray,1,1,D,0,1,A,4,3.6,1.85,3.9,3.5,1.85,3.6,3.2,1.9,3.9,3.3,1.9,4.19,3.81,1.89,,,,,,,4,3.4,1.93,41,4.2,3.96,3.81,3.51,1.99,1.87,38,1.77,1.72,2.25,2.09,25,0.5,2.03,1.95,1.93,1.87
T1,27/12/14,Buyuksehyr,Erciyesspor,3,1,H,1,0,H,1.73,3.5,5,1.73,3.5,4.75,1.7,3.4,4.3,1.73,3.25,4.8,1.74,3.74,5.31,1.7,3.4,4.8,,,,1.75,3.4,5,42,1.83,1.71,3.8,3.49,5.7,4.93,38,2.3,2.2,1.7,1.64,25,-0.75,1.98,1.92,1.96,1.9
T1,27/12/14,Fenerbahce,Mersin Idman Yurdu,1,0,H,1,0,H,1.33,5,9,1.35,4.75,7.75,1.35,4.2,7.5,1.35,4.5,8,1.34,5.31,10.31,1.35,4.6,7.5,,,,1.36,4.6,9.5,46,1.43,1.34,5.4,4.79,10.31,8.71,35,1.62,1.56,2.5,2.35,31,-1.5,2.05,1.98,1.89,1.83
T1,27/12/14,Karabukspor,Balikesirspor,0,1,A,0,0,D,1.53,4,6,1.55,3.75,6,1.6,3.6,4.8,1.53,3.6,6.5,1.58,4.04,6.84,1.55,3.6,6,,,,1.6,3.5,7,46,1.63,1.55,4.2,3.79,7.2,6.24,43,2.08,2,1.94,1.79,31,-1,2.06,1.98,1.98,1.83
T1,28/12/14,Akhisar Belediyespor,Rizespor,0,4,A,0,3,A,1.85,3.6,4,1.87,3.5,3.8,1.9,3.2,3.6,1.9,3.25,4,1.93,3.6,4.28,1.91,3.3,3.8,,,,1.95,3.3,4.1,45,1.99,1.89,3.7,3.44,4.3,4,43,2.08,2.01,1.88,1.79,27,-0.5,1.93,1.88,2.02,1.94
T1,28/12/14,Gaziantepspor,Bursaspor,1,2,A,1,0,H,2.88,3.25,2.45,2.75,3.2,2.5,2.6,3.1,2.5,2.8,3.1,2.45,3,3.25,2.57,2.8,3.1,2.45,,,,2.9,3.13,2.55,45,3,2.84,3.4,3.19,2.6,2.46,42,2.12,2.04,1.85,1.76,28,0,2.11,2.03,1.84,1.79
T1,28/12/14,Kasimpasa,Sivasspor,0,0,D,0,0,D,1.67,3.75,5,1.75,3.5,4.4,1.7,3.4,4.3,1.75,3.4,4.5,1.74,3.97,4.91,1.75,3.75,4,,,,1.75,3.6,4.6,45,1.82,1.72,4,3.68,5,4.6,42,1.81,1.72,2.2,2.09,27,-0.75,2,1.93,1.96,1.89
T1,28/12/14,Konyaspor,Besiktas,1,2,A,0,1,A,4,3.5,1.91,3.7,3.4,1.95,3.3,3.2,2,3.75,3.3,1.91,4.07,3.48,2.01,3.8,3.2,1.95,,,,3.75,3.3,2,45,4.2,3.85,3.6,3.39,2.04,1.94,42,2.2,2.1,1.78,1.72,27,0.5,1.95,1.88,2.01,1.94
T1,29/12/14,Trabzonspor,Eskisehirspor,1,4,A,0,1,A,1.73,3.6,4.75,1.75,3.6,4.4,1.75,3.3,4.2,1.7,3.5,4.6,1.72,3.98,5.09,1.67,3.75,4.5,,,,1.75,3.6,4.8,43,1.83,1.71,4,3.66,5.09,4.64,40,1.79,1.71,2.2,2.09,25,-0.75,1.99,1.93,1.98,1.89
T1,03/01/15,Bursaspor,Akhisar Belediyespor,3,1,H,1,0,H,1.62,3.8,5.5,1.67,3.6,5,1.7,3.4,4.3,1.6,3.6,5.25,1.61,4.02,6.31,1.65,3.6,4.8,,,,1.62,3.8,5.5,44,1.7,1.6,4.1,3.72,6.31,5.49,40,1.88,1.81,2.07,1.97,23,-1,2.12,2.05,1.85,1.77
T1,03/01/15,Fenerbahce,Buyuksehyr,2,0,H,1,0,H,1.62,3.8,5.5,1.55,4,5.5,1.5,3.8,5.5,1.57,3.6,5.75,1.61,4.11,6.02,1.55,3.8,5.5,,,,1.6,3.8,5.75,45,1.67,1.57,4.2,3.8,6.8,5.71,40,1.97,1.86,2.02,1.92,29,-1,2.13,2.03,1.91,1.79
T1,03/01/15,Rizespor,Konyaspor,1,1,D,1,0,H,2.3,3.3,3.1,2.4,3.3,2.75,2.4,3.1,2.7,2.4,3,2.9,2.32,3.35,3.33,2.25,3.2,3,,,,2.3,3.25,3.1,45,2.45,2.3,3.4,3.18,3.35,3.04,39,2.25,2.13,1.75,1.69,23,-0.25,2.08,1.98,1.93,1.84
T1,04/01/15,Besiktas,Galatasaray,0,2,A,0,0,D,2.4,3.2,3,2.4,3.1,2.9,2.4,3.2,2.85,2.35,3.1,2.9,2.45,3.38,3.07,2.45,3.1,2.8,,,,2.45,3.2,2.9,44,2.55,2.39,3.4,3.21,3.07,2.9,41,2.14,2.08,1.82,1.73,25,-0.25,2.14,2.07,1.83,1.76
T1,04/01/15,Erciyesspor,Kasimpasa,2,5,A,1,2,A,2.75,3.25,2.55,2.55,3.3,2.6,2.5,3.1,2.6,2.7,3,2.55,2.89,3.29,2.62,2.8,3,2.5,,,,2.75,3.25,2.55,44,2.92,2.74,3.35,3.16,2.7,2.55,40,2.25,2.15,1.75,1.67,27,0,2.06,1.97,1.88,1.83
T1,04/01/15,Eskisehirspor,Gaziantepspor,1,3,A,0,1,A,1.75,3.6,4.6,1.8,3.4,4.33,1.85,3.2,3.8,1.75,3.3,4.5,1.77,3.67,5.2,1.8,3.3,4.33,,,,1.73,3.6,4.8,44,1.85,1.75,3.8,3.5,5.3,4.64,41,2.14,2.05,1.82,1.74,24,-0.75,2.02,1.95,1.94,1.86
T1,04/01/15,Sivasspor,Karabukspor,2,0,H,1,0,H,2.2,3.3,3.25,2.15,3.3,3.2,2.2,3.1,3,2.3,3,3.1,2.3,3.39,3.36,2.25,3.2,3,,,,2.25,3.3,3.13,44,2.38,2.25,3.45,3.25,3.36,3.1,41,2.13,2.03,1.84,1.76,25,-0.25,2.05,1.97,1.94,1.85
T1,05/01/15,Balikesirspor,Trabzonspor,2,2,D,2,1,H,4,3.6,1.85,4.2,3.5,1.8,4.2,3.3,1.75,4,3.4,1.83,4.31,3.7,1.89,3.75,3.6,1.83,,,,3.9,3.6,1.87,44,4.5,4.04,3.8,3.53,1.95,1.84,38,1.78,1.73,2.35,2.08,23,0.5,2.03,1.96,1.93,1.86
T1,05/01/15,Mersin Idman Yurdu,Genclerbirligi,1,1,D,0,0,D,2.4,3.3,2.9,2.2,3.25,3.1,2.2,3.1,3,2.35,3.1,2.9,2.46,3.35,3.08,2.37,3.2,2.8,,,,2.4,3.3,2.9,44,2.5,2.37,3.43,3.23,3.15,2.91,38,2.14,2.03,1.84,1.76,24,0,1.8,1.73,2.19,2.09
T1,23/01/15,Konyaspor,Bursaspor,2,3,A,1,2,A,2.88,3.3,2.4,2.7,3.1,2.6,2.8,3.1,2.3,2.85,3.1,2.4,3.06,3.27,2.55,2.8,3.1,2.45,,,,2.9,3.3,2.5,51,3.06,2.85,3.4,3.19,2.58,2.44,48,2.12,2.04,1.86,1.75,27,0,2.15,2.05,1.85,1.76
T1,23/01/15,Trabzonspor,Sivasspor,3,1,H,1,1,D,1.75,3.6,4.5,1.75,3.8,4,1.65,3.5,4.5,1.7,3.6,4.5,1.82,3.99,4.46,1.75,3.75,4,,,,1.8,3.9,4.2,51,1.88,1.77,4,3.65,4.61,4.31,39,1.65,1.61,2.38,2.24,26,-0.5,1.87,1.77,2.12,2.05
T1,24/01/15,Akhisar Belediyespor,Eskisehirspor,2,2,D,0,1,A,2.88,3.3,2.4,2.6,3.2,2.6,2.7,3.1,2.4,2.62,2.9,2.5,2.93,3.34,2.57,2.8,3.1,2.45,,,,2.88,3.3,2.5,49,2.96,2.8,3.35,3.18,2.63,2.47,46,2.17,2.05,1.8,1.74,27,0,2.11,2.02,1.86,1.78
T1,24/01/15,Buyuksehyr,Mersin Idman Yurdu,2,2,D,0,1,A,1.62,3.75,5.5,1.67,3.7,4.75,1.7,3.4,4.3,1.6,3.25,5.2,1.69,3.78,5.76,1.65,3.5,5,,,,1.65,3.75,5.75,47,1.73,1.64,3.85,3.59,6.1,5.28,44,2.17,2.06,1.81,1.73,25,-1,2.31,2.18,1.74,1.66
T1,24/01/15,Gaziantepspor,Balikesirspor,1,0,H,0,0,D,1.75,3.75,4.5,1.72,3.5,4.6,1.8,3.2,4,1.75,3.2,4.2,1.79,3.73,4.93,1.73,3.5,4.4,,,,1.8,3.7,4.5,49,1.85,1.75,3.8,3.52,5,4.52,47,2.05,1.94,1.92,1.83,24,-0.75,2.1,2.01,1.87,1.81
T1,24/01/15,Kasimpasa,Fenerbahce,0,3,A,0,1,A,2.9,3.2,2.45,2.95,3.4,2.25,3,3.1,2.2,2.85,3.25,2.35,2.89,3.54,2.49,2.87,3.4,2.25,,,,2.88,3.5,2.4,49,3,2.84,3.58,3.33,2.52,2.36,46,1.8,1.72,2.18,2.07,23,0.25,1.82,1.76,2.16,2.08
T1,25/01/15,Galatasaray,Rizespor,2,0,H,2,0,H,1.33,5,8.5,1.3,5.25,8.5,1.33,4.2,8,1.3,4.33,7.5,1.39,5.23,8.55,1.35,4.6,7.5,,,,1.33,5.2,9,49,1.4,1.34,5.5,4.78,9.5,8.29,39,1.7,1.62,2.35,2.22,28,-1.5,2.12,2.03,1.85,1.79
T1,25/01/15,Karabukspor,Erciyesspor,1,2,A,0,0,D,1.83,3.75,4,1.91,3.6,3.6,1.8,3.2,4,1.8,3.3,4.33,1.88,3.53,4.65,1.83,3.4,4,,,,1.85,3.5,4.4,49,1.93,1.83,3.75,3.41,4.8,4.23,46,2.2,2.08,1.8,1.72,25,-0.5,1.9,1.83,2.05,1.98
T1,26/01/15,Genclerbirligi,Besiktas,0,2,A,0,0,D,3.5,3.4,2.05,3.5,3.25,2.05,3,3.1,2.2,3.5,3.1,2.1,3.84,3.46,2.08,3.2,3.2,2.15,,,,3.6,3.4,2.1,48,3.95,3.44,3.5,3.27,2.2,2.08,46,2.11,2.01,1.87,1.77,24,0.25,2.1,2.01,1.87,1.81
T1,30/01/15,Akhisar Belediyespor,Balikesirspor,2,2,D,2,0,H,1.73,3.5,5,1.7,3.6,4.6,1.8,3.3,3.9,1.75,3.3,4.5,1.78,3.83,4.94,1.7,3.6,4.5,,,,1.75,3.8,4.6,50,1.88,1.78,3.76,3.53,5,4.38,48,1.95,1.87,2.04,1.9,26,-0.5,1.87,1.81,2.09,2.01
T1,30/01/15,Trabzonspor,Erciyesspor,2,1,H,2,0,H,1.55,3.75,6,1.6,3.7,5.5,1.53,3.8,5.4,1.55,3.8,5.25,1.63,4.37,5.47,1.6,4,4.6,,,,1.6,4.3,5.25,50,1.67,1.59,4.33,4.01,6.2,5.12,38,1.61,1.56,2.5,2.33,25,-0.75,1.86,1.79,2.16,2.05
T1,31/01/15,Gaziantepspor,Sivasspor,1,3,A,1,0,H,2.5,3.3,2.75,2.45,3.2,2.8,2.3,3.1,2.8,2.45,3.1,2.75,2.57,3.32,2.95,,,,,,,2.55,3.3,2.8,47,2.6,2.45,3.43,3.22,3,2.78,44,2.07,1.99,1.86,1.79,25,0,1.86,1.79,2.1,2.02
T1,31/01/15,Karabukspor,Fenerbahce,1,2,A,0,1,A,4.5,3.5,1.8,4.2,3.4,1.83,3.8,3.2,1.85,4.1,3.4,1.83,4.45,3.7,1.87,,,,,,,4.5,3.7,1.8,47,4.8,4.14,3.8,3.46,1.94,1.83,45,1.96,1.87,2.04,1.9,24,0.5,2.05,1.95,1.94,1.86
T1,31/01/15,Kasimpasa,Buyuksehyr,0,1,A,0,0,D,2.1,3.4,3.4,2.1,3.4,3.2,2.2,3.1,3,2.05,3.25,3.4,2.06,3.53,3.82,,,,,,,2.05,3.5,3.6,46,2.2,2.04,3.6,3.36,3.95,3.43,44,1.96,1.89,1.98,1.89,21,-0.25,1.84,1.77,2.16,2.07
T1,01/02/15,Besiktas,Mersin Idman Yurdu,2,1,H,1,0,H,1.36,4.5,9,1.36,4.33,8.5,1.4,4,6.5,1.36,4.2,8,1.43,4.84,8.2,1.33,4.5,8.5,,,,1.4,4.6,8.5,48,1.45,1.37,4.9,4.42,9.5,8.13,45,1.85,1.77,2.11,2.02,23,-1.25,2.01,1.92,1.95,1.9
T1,01/02/15,Galatasaray,Bursaspor,2,2,D,1,1,D,1.75,3.4,5,1.78,3.5,4.33,1.75,3.4,4,1.75,3.6,4.2,1.81,3.9,4.5,1.8,3.5,4,,,,1.8,3.9,4.2,48,1.88,1.77,4,3.6,5,4.23,42,1.77,1.69,2.23,2.12,23,-0.75,2.08,2.02,1.88,1.81
T1,01/02/15,Genclerbirligi,Rizespor,0,2,A,0,2,A,2.15,3.4,3.3,2,3.3,3.6,2,3.2,3.3,2.05,3.1,3.5,2.14,3.47,3.64,2.05,3.25,3.4,,,,2.1,3.4,3.6,48,2.2,2.08,3.5,3.3,3.75,3.39,45,2.09,2.01,1.87,1.77,23,-0.25,1.88,1.82,2.07,2.01
T1,01/02/15,Konyaspor,Eskisehirspor,1,0,H,1,0,H,2.38,3.3,2.9,2.35,3.2,2.9,2.3,3.1,2.8,2.45,3.1,2.8,2.42,3.37,3.13,2.45,3.2,2.7,,,,2.4,3.3,3,48,2.55,2.38,3.43,3.22,3.13,2.89,45,2.08,1.97,1.87,1.8,23,-0.25,2.14,2.07,1.86,1.77
T1,06/02/15,Buyuksehyr,Karabukspor,2,2,D,1,1,D,1.75,3.6,4.75,1.72,3.5,4.6,1.7,3.4,4.3,1.75,3.3,4.75,1.83,3.51,5.15,1.8,3.3,4.33,,,,1.8,3.5,4.8,51,1.88,1.78,3.6,3.37,5.36,4.62,42,2.32,2.21,1.72,1.63,25,-0.5,1.83,1.78,2.14,2.04
T1,07/02/15,Erciyesspor,Gaziantepspor,0,1,A,0,0,D,2.1,3.3,3.5,2.2,3.2,3.2,2.1,3.1,3.2,2.15,3.1,3.4,2.15,3.4,3.69,2.2,3.1,3.2,,,,2.15,3.4,3.4,48,2.26,2.13,3.43,3.23,3.69,3.33,45,2.13,2.03,1.82,1.75,24,-0.25,1.94,1.85,2.06,1.96
T1,07/02/15,Fenerbahce,Trabzonspor,0,0,D,0,0,D,1.75,3.75,4.33,1.78,3.7,4.1,1.75,3.3,4.2,1.8,3.5,4.1,1.79,3.94,4.56,1.75,3.75,4,,,,1.8,3.9,4.33,48,1.87,1.74,4,3.67,4.7,4.3,39,1.75,1.66,2.26,2.15,24,-0.75,2.05,1.98,1.9,1.83
T1,07/02/15,Sivasspor,Akhisar Belediyespor,2,0,H,0,0,D,1.85,3.6,4,1.87,3.4,4,1.85,3.2,3.8,1.8,3.4,4.2,1.88,3.69,4.4,1.83,3.4,4,,,,1.85,3.6,4.33,48,1.95,1.83,3.75,3.5,4.5,4.05,46,1.97,1.9,1.98,1.87,24,-0.5,1.89,1.83,2.06,1.97
T1,08/02/15,Balikesirspor,Konyaspor,0,1,A,0,0,D,2.9,3.3,2.38,2.7,3.3,2.45,2.6,3.1,2.5,2.7,3.1,2.5,3.02,3.32,2.51,2.6,3.1,2.6,,,,2.88,3.3,2.5,48,3.02,2.77,3.4,3.19,2.66,2.47,45,2.14,2.04,1.8,1.74,26,0,2.11,2.01,1.86,1.78
T1,08/02/15,Bursaspor,Genclerbirligi,3,1,H,0,1,A,1.45,4.2,7.5,1.5,4.1,5.75,1.5,3.8,5.5,1.5,3.9,6,1.48,4.64,7.12,1.5,4.2,5.5,,,,1.45,4.6,6.5,48,1.56,1.47,4.64,4.15,7.6,6.41,42,1.73,1.63,2.39,2.21,29,-1,1.86,1.79,2.13,2.02
T1,08/02/15,Mersin Idman Yurdu,Kasimpasa,6,2,H,1,0,H,2.9,3.3,2.4,2.85,3.2,2.4,2.8,3.1,2.3,2.87,3,2.4,3.12,3.39,2.42,2.8,3.2,2.38,,,,3,3.3,2.45,48,3.12,2.89,3.43,3.22,2.5,2.37,45,2.05,1.96,1.9,1.8,24,0.25,1.83,1.77,2.13,2.05
T1,08/02/15,Rizespor,Besiktas,1,2,A,0,0,D,4,3.5,1.91,3.7,3.25,2,3.6,3.2,1.9,3.7,3.2,2,4.11,3.44,2,3.75,3.25,1.95,,,,4,3.5,1.95,48,4.11,3.79,3.6,3.35,2.05,1.94,45,2.13,2.04,1.82,1.74,24,0.5,1.92,1.86,2.02,1.94
T1,09/02/15,Eskisehirspor,Galatasaray,1,2,A,1,1,D,3.1,3.4,2.25,3,3.2,2.3,3,3.1,2.2,3.1,3.1,2.25,3.28,3.51,2.3,3,3.2,2.25,,,,3.2,3.4,2.25,48,3.28,3.08,3.51,3.26,2.4,2.24,46,2.05,1.95,1.9,1.81,24,0.25,1.96,1.87,2.02,1.93
